,Site,Year,Species,Phytometer,Neighbour,Treatment,light,carbon,WUE
1,PTY1,2016,Phragmites,Phragmites_Typha,Typha,Competition,1500,17.7,3.06
2,PTY1,2016,Phragmites,Phragmites_Typha,Typha,Competition,1000,15.6,2.77
3,PTY1,2016,Phragmites,Phragmites_Typha,Typha,Competition,500,11.6,2.16
4,PTY1,2016,Phragmites,Phragmites_Typha,Typha,Competition,200,5.2,1.17
5,PTY1,2016,Phragmites,Phragmites_Typha,Typha,Competition,100,2.2,0.59
6,PTY1,2016,Phragmites,Phragmites_Typha,Typha,Competition,50,0.3,0.1
7,PTY1,2016,Phragmites,Phragmites_Typha,Typha,Competition,0,-0.8,-0.3
8,PTY1CU,2016,Phragmites,Phragmites_Typha,Typha,Without competition,1500,22.5,3.57
9,PTY1CU,2016,Phragmites,Phragmites_Typha,Typha,Without competition,1000,19.1,3.13
10,PTY1CU,2016,Phragmites,Phragmites_Typha,Typha,Without competition,500,13.4,2.36
11,PTY1CU,2016,Phragmites,Phragmites_Typha,Typha,Without competition,200,5.9,1.14
12,PTY1CU,2016,Phragmites,Phragmites_Typha,Typha,Without competition,100,2.6,0.6
13,PTY1CU,2016,Phragmites,Phragmites_Typha,Typha,Without competition,50,0.9,0.27
14,PTY1CU,2016,Phragmites,Phragmites_Typha,Typha,Without competition,0,-0.4,-0.15
15,PTY2,2016,Phragmites,Phragmites_Typha,Typha,Competition,1500,16.8,3.3
16,PTY2,2016,Phragmites,Phragmites_Typha,Typha,Competition,1000,14.5,3.16
17,PTY2,2016,Phragmites,Phragmites_Typha,Typha,Competition,500,11,2.89
18,PTY2,2016,Phragmites,Phragmites_Typha,Typha,Competition,200,5.6,1.55
19,PTY2,2016,Phragmites,Phragmites_Typha,Typha,Competition,100,2,0.68
20,PTY2,2016,Phragmites,Phragmites_Typha,Typha,Competition,50,-0.1,-0.02
21,PTY2,2016,Phragmites,Phragmites_Typha,Typha,Competition,0,-1.5,-0.42
22,PTY2CU,2016,Phragmites,Phragmites_Typha,Typha,Without competition,1500,25.8,3.79
23,PTY2CU,2016,Phragmites,Phragmites_Typha,Typha,Without competition,1000,22.3,3.36
24,PTY2CU,2016,Phragmites,Phragmites_Typha,Typha,Without competition,500,14.8,2.4
25,PTY2CU,2016,Phragmites,Phragmites_Typha,Typha,Without competition,200,5.9,1.05
26,PTY2CU,2016,Phragmites,Phragmites_Typha,Typha,Without competition,100,2.1,0.45
27,PTY2CU,2016,Phragmites,Phragmites_Typha,Typha,Without competition,50,0.2,0.05
28,PTY2CU,2016,Phragmites,Phragmites_Typha,Typha,Without competition,0,-1.4,-0.59
29,PTY3,2016,Phragmites,Phragmites_Typha,Typha,Competition,1500,15.1,3.29
30,PTY3,2016,Phragmites,Phragmites_Typha,Typha,Competition,1000,14,3.55
31,PTY3,2016,Phragmites,Phragmites_Typha,Typha,Competition,500,12.1,2.96
32,PTY3,2016,Phragmites,Phragmites_Typha,Typha,Competition,200,7,1.7
33,PTY3,2016,Phragmites,Phragmites_Typha,Typha,Competition,100,3.9,1.21
34,PTY3,2016,Phragmites,Phragmites_Typha,Typha,Competition,50,2.2,0.87
35,PTY3,2016,Phragmites,Phragmites_Typha,Typha,Competition,0,1,0.43
36,PTY3CU,2016,Phragmites,Phragmites_Typha,Typha,Without competition,1500,22,3.31
37,PTY3CU,2016,Phragmites,Phragmites_Typha,Typha,Without competition,1000,19.1,3.15
38,PTY3CU,2016,Phragmites,Phragmites_Typha,Typha,Without competition,500,12.9,2.36
39,PTY3CU,2016,Phragmites,Phragmites_Typha,Typha,Without competition,200,5.2,1.09
40,PTY3CU,2016,Phragmites,Phragmites_Typha,Typha,Without competition,100,2.3,0.88
41,PTY3CU,2016,Phragmites,Phragmites_Typha,Typha,Without competition,50,0.1,0.07
42,PTY3CU,2016,Phragmites,Phragmites_Typha,Typha,Without competition,0,-1,-0.89
43,PTY4,2016,Phragmites,Phragmites_Typha,Typha,Competition,1500,23.5,4.38
44,PTY4,2016,Phragmites,Phragmites_Typha,Typha,Competition,1000,20.8,4.15
45,PTY4,2016,Phragmites,Phragmites_Typha,Typha,Competition,500,15.2,3.16
46,PTY4,2016,Phragmites,Phragmites_Typha,Typha,Competition,200,6.7,1.28
47,PTY4,2016,Phragmites,Phragmites_Typha,Typha,Competition,100,2.6,0.62
48,PTY4,2016,Phragmites,Phragmites_Typha,Typha,Competition,50,0.2,0.05
49,PTY4,2016,Phragmites,Phragmites_Typha,Typha,Competition,0,-0.7,-0.23
50,PTY4CU,2016,Phragmites,Phragmites_Typha,Typha,Without competition,1500,23.2,4.11
51,PTY4CU,2016,Phragmites,Phragmites_Typha,Typha,Without competition,1000,20.1,4.01
52,PTY4CU,2016,Phragmites,Phragmites_Typha,Typha,Without competition,500,13.6,2.82
53,PTY4CU,2016,Phragmites,Phragmites_Typha,Typha,Without competition,200,5.7,1.33
54,PTY4CU,2016,Phragmites,Phragmites_Typha,Typha,Without competition,100,1.9,0.48
55,PTY4CU,2016,Phragmites,Phragmites_Typha,Typha,Without competition,50,0.4,0.14
56,PTY4CU,2016,Phragmites,Phragmites_Typha,Typha,Without competition,0,-1,-0.38
57,PTY5,2016,Phragmites,Phragmites_Typha,Typha,Competition,1500,18.2,3.23
58,PTY5,2016,Phragmites,Phragmites_Typha,Typha,Competition,1000,16.8,3.27
59,PTY5,2016,Phragmites,Phragmites_Typha,Typha,Competition,500,14.2,2.89
60,PTY5,2016,Phragmites,Phragmites_Typha,Typha,Competition,200,9.9,2.35
61,PTY5,2016,Phragmites,Phragmites_Typha,Typha,Competition,100,6.1,1.73
62,PTY5,2016,Phragmites,Phragmites_Typha,Typha,Competition,50,5.8,1.87
63,PTY5,2016,Phragmites,Phragmites_Typha,Typha,Competition,0,4.4,1.67
64,PTY5CU,2016,Phragmites,Phragmites_Typha,Typha,Without competition,1500,5.7,2.91
65,PTY5CU,2016,Phragmites,Phragmites_Typha,Typha,Without competition,1000,5.1,2.73
66,PTY5CU,2016,Phragmites,Phragmites_Typha,Typha,Without competition,500,3.6,2.35
67,PTY5CU,2016,Phragmites,Phragmites_Typha,Typha,Without competition,200,2.3,1.64
68,PTY5CU,2016,Phragmites,Phragmites_Typha,Typha,Without competition,100,1.1,1.15
69,PTY5CU,2016,Phragmites,Phragmites_Typha,Typha,Without competition,50,0.5,0.54
70,PTY5CU,2016,Phragmites,Phragmites_Typha,Typha,Without competition,0,0.2,0.25
71,PTY6,2016,Phragmites,Phragmites_Typha,Typha,Competition,1500,22.1,3
72,PTY6,2016,Phragmites,Phragmites_Typha,Typha,Competition,1000,21,3.1
73,PTY6,2016,Phragmites,Phragmites_Typha,Typha,Competition,500,17.6,2.8
74,PTY6,2016,Phragmites,Phragmites_Typha,Typha,Competition,200,11.8,2.1
75,PTY6,2016,Phragmites,Phragmites_Typha,Typha,Competition,100,8.9,1.6
76,PTY6,2016,Phragmites,Phragmites_Typha,Typha,Competition,50,7,1.6
77,PTY6,2016,Phragmites,Phragmites_Typha,Typha,Competition,0,5.5,1.3
78,PTY6CU,2016,Phragmites,Phragmites_Typha,Typha,Without competition,1500,19.6,3.18
79,PTY6CU,2016,Phragmites,Phragmites_Typha,Typha,Without competition,1000,16.9,3.29
80,PTY6CU,2016,Phragmites,Phragmites_Typha,Typha,Without competition,500,14.6,2.8
81,PTY6CU,2016,Phragmites,Phragmites_Typha,Typha,Without competition,200,7.2,1.56
82,PTY6CU,2016,Phragmites,Phragmites_Typha,Typha,Without competition,100,4.4,1.23
83,PTY6CU,2016,Phragmites,Phragmites_Typha,Typha,Without competition,50,1.4,0.45
84,PTY6CU,2016,Phragmites,Phragmites_Typha,Typha,Without competition,0,1.9,0.69
85,TYP4,2016,Typha,Typha_Phragmites,Phragmites,Competition,1500,15.9,2.6
86,TYP4,2016,Typha,Typha_Phragmites,Phragmites,Competition,1000,15.3,2.49
87,TYP4,2016,Typha,Typha_Phragmites,Phragmites,Competition,500,11.4,1.93
88,TYP4,2016,Typha,Typha_Phragmites,Phragmites,Competition,200,5,0.88
89,TYP4,2016,Typha,Typha_Phragmites,Phragmites,Competition,100,1.8,0.34
90,TYP4,2016,Typha,Typha_Phragmites,Phragmites,Competition,50,0.3,0.06
91,TYP4,2016,Typha,Typha_Phragmites,Phragmites,Competition,0,0.9,0.23
92,TYP4CU,2016,Typha,Typha_Phragmites,Phragmites,Without competition,1500,16.1,2.17
93,TYP4CU,2016,Typha,Typha_Phragmites,Phragmites,Without competition,1000,16.5,2.13
94,TYP4CU,2016,Typha,Typha_Phragmites,Phragmites,Without competition,500,12.8,1.58
95,TYP4CU,2016,Typha,Typha_Phragmites,Phragmites,Without competition,200,5,0.63
96,TYP4CU,2016,Typha,Typha_Phragmites,Phragmites,Without competition,100,1.3,0.19
97,TYP4CU,2016,Typha,Typha_Phragmites,Phragmites,Without competition,50,0,0
98,TYP4CU,2016,Typha,Typha_Phragmites,Phragmites,Without competition,0,-1.1,-0.19
99,TYP5,2016,Typha,Typha_Phragmites,Phragmites,Competition,1500,19.5,2.58
100,TYP5,2016,Typha,Typha_Phragmites,Phragmites,Competition,1000,18.9,2.51
101,TYP5,2016,Typha,Typha_Phragmites,Phragmites,Competition,500,14.5,2.02
102,TYP5,2016,Typha,Typha_Phragmites,Phragmites,Competition,200,6.8,0.97
103,TYP5,2016,Typha,Typha_Phragmites,Phragmites,Competition,100,3,0.47
104,TYP5,2016,Typha,Typha_Phragmites,Phragmites,Competition,50,0.9,0.14
105,TYP5,2016,Typha,Typha_Phragmites,Phragmites,Competition,0,-0.3,-0.05
106,TYP5CU,2016,Typha,Typha_Phragmites,Phragmites,Without competition,1500,17.4,2.17
107,TYP5CU,2016,Typha,Typha_Phragmites,Phragmites,Without competition,1000,17.4,2.15
108,TYP5CU,2016,Typha,Typha_Phragmites,Phragmites,Without competition,500,14.5,1.79
109,TYP5CU,2016,Typha,Typha_Phragmites,Phragmites,Without competition,200,6.9,0.88
110,TYP5CU,2016,Typha,Typha_Phragmites,Phragmites,Without competition,100,3.1,0.43
111,TYP5CU,2016,Typha,Typha_Phragmites,Phragmites,Without competition,50,1.4,0.2
112,TYP5CU,2016,Typha,Typha_Phragmites,Phragmites,Without competition,0,-0.3,-0.05
113,TYP6,2016,Typha,Typha_Phragmites,Phragmites,Competition,1500,16.7,2.39
114,TYP6,2016,Typha,Typha_Phragmites,Phragmites,Competition,1000,16.4,2.2
115,TYP6,2016,Typha,Typha_Phragmites,Phragmites,Competition,500,13.4,1.69
116,TYP6,2016,Typha,Typha_Phragmites,Phragmites,Competition,200,6.9,0.86
117,TYP6,2016,Typha,Typha_Phragmites,Phragmites,Competition,100,3.2,0.4
118,TYP6,2016,Typha,Typha_Phragmites,Phragmites,Competition,50,1.1,0.15
119,TYP6,2016,Typha,Typha_Phragmites,Phragmites,Competition,0,0,0
120,TYP6CU,2016,Typha,Typha_Phragmites,Phragmites,Without competition,1500,24.5,3.04
121,TYP6CU,2016,Typha,Typha_Phragmites,Phragmites,Without competition,1000,24.1,3.03
122,TYP6CU,2016,Typha,Typha_Phragmites,Phragmites,Without competition,500,19.9,2.46
123,TYP6CU,2016,Typha,Typha_Phragmites,Phragmites,Without competition,200,10.1,1.27
124,TYP6CU,2016,Typha,Typha_Phragmites,Phragmites,Without competition,100,6.3,0.82
125,TYP6CU,2016,Typha,Typha_Phragmites,Phragmites,Without competition,50,5.5,0.72
126,TYP6CU,2016,Typha,Typha_Phragmites,Phragmites,Without competition,0,4.5,0.67
127,PCC1,2016,Phragmites,Phragmites_Calamagrostis,Calamagrostis,Competition,1500,15.7,4.01
128,PCC1,2016,Phragmites,Phragmites_Calamagrostis,Calamagrostis,Competition,1000,14.1,4.13
129,PCC1,2016,Phragmites,Phragmites_Calamagrostis,Calamagrostis,Competition,500,11.7,3.38
130,PCC1,2016,Phragmites,Phragmites_Calamagrostis,Calamagrostis,Competition,200,6.3,1.96
131,PCC1,2016,Phragmites,Phragmites_Calamagrostis,Calamagrostis,Competition,100,3.1,1.12
132,PCC1,2016,Phragmites,Phragmites_Calamagrostis,Calamagrostis,Competition,50,1.2,0.55
133,PCC1,2016,Phragmites,Phragmites_Calamagrostis,Calamagrostis,Competition,0,-0.3,-0.19
134,PCC1CU,2016,Phragmites,Phragmites_Calamagrostis,Calamagrostis,Without competition,1500,25.9,3.83
135,PCC1CU,2016,Phragmites,Phragmites_Calamagrostis,Calamagrostis,Without competition,1000,21.8,3.47
136,PCC1CU,2016,Phragmites,Phragmites_Calamagrostis,Calamagrostis,Without competition,500,14.5,2.42
137,PCC1CU,2016,Phragmites,Phragmites_Calamagrostis,Calamagrostis,Without competition,200,6.1,1.19
138,PCC1CU,2016,Phragmites,Phragmites_Calamagrostis,Calamagrostis,Without competition,100,1.8,0.4
139,PCC1CU,2016,Phragmites,Phragmites_Calamagrostis,Calamagrostis,Without competition,50,-0.2,-0.06
140,PCC1CU,2016,Phragmites,Phragmites_Calamagrostis,Calamagrostis,Without competition,0,-1.6,-0.63
141,PCC2,2016,Phragmites,Phragmites_Calamagrostis,Calamagrostis,Competition,1500,15.1,2.81
142,PCC2,2016,Phragmites,Phragmites_Calamagrostis,Calamagrostis,Competition,1000,15.2,2.94
143,PCC2,2016,Phragmites,Phragmites_Calamagrostis,Calamagrostis,Competition,500,13.2,2.74
144,PCC2,2016,Phragmites,Phragmites_Calamagrostis,Calamagrostis,Competition,200,9.6,2.21
145,PCC2,2016,Phragmites,Phragmites_Calamagrostis,Calamagrostis,Competition,100,6.9,1.9
146,PCC2,2016,Phragmites,Phragmites_Calamagrostis,Calamagrostis,Competition,50,5.4,2.02
147,PCC2,2016,Phragmites,Phragmites_Calamagrostis,Calamagrostis,Competition,0,4.2,1.92
148,PCC2CU,2016,Phragmites,Phragmites_Calamagrostis,Calamagrostis,Without competition,1500,23.6,3.12
149,PCC2CU,2016,Phragmites,Phragmites_Calamagrostis,Calamagrostis,Without competition,1000,20.6,2.92
150,PCC2CU,2016,Phragmites,Phragmites_Calamagrostis,Calamagrostis,Without competition,500,14.5,2.23
151,PCC2CU,2016,Phragmites,Phragmites_Calamagrostis,Calamagrostis,Without competition,200,5.9,0.88
152,PCC2CU,2016,Phragmites,Phragmites_Calamagrostis,Calamagrostis,Without competition,100,2,0.35
153,PCC2CU,2016,Phragmites,Phragmites_Calamagrostis,Calamagrostis,Without competition,50,0,0
154,PCC2CU,2016,Phragmites,Phragmites_Calamagrostis,Calamagrostis,Without competition,0,-1.2,-0.33
155,PCC3,2016,Phragmites,Phragmites_Calamagrostis,Calamagrostis,Competition,1500,17.3,2.82
156,PCC3,2016,Phragmites,Phragmites_Calamagrostis,Calamagrostis,Competition,1000,14.8,2.72
157,PCC3,2016,Phragmites,Phragmites_Calamagrostis,Calamagrostis,Competition,500,10.9,2.12
158,PCC3,2016,Phragmites,Phragmites_Calamagrostis,Calamagrostis,Competition,200,4.8,1.07
159,PCC3,2016,Phragmites,Phragmites_Calamagrostis,Calamagrostis,Competition,100,2,0.64
160,PCC3,2016,Phragmites,Phragmites_Calamagrostis,Calamagrostis,Competition,50,0.3,0.14
161,PCC3,2016,Phragmites,Phragmites_Calamagrostis,Calamagrostis,Competition,0,-0.7,-0.53
162,PCC3CU,2016,Phragmites,Phragmites_Calamagrostis,Calamagrostis,Without competition,1500,19,4.25
163,PCC3CU,2016,Phragmites,Phragmites_Calamagrostis,Calamagrostis,Without competition,1000,18,4.08
164,PCC3CU,2016,Phragmites,Phragmites_Calamagrostis,Calamagrostis,Without competition,500,13.5,3.35
165,PCC3CU,2016,Phragmites,Phragmites_Calamagrostis,Calamagrostis,Without competition,200,6.1,1.8
166,PCC3CU,2016,Phragmites,Phragmites_Calamagrostis,Calamagrostis,Without competition,100,2.1,0.73
167,PCC3CU,2016,Phragmites,Phragmites_Calamagrostis,Calamagrostis,Without competition,50,0.1,0.04
168,PCC3CU,2016,Phragmites,Phragmites_Calamagrostis,Calamagrostis,Without competition,0,-1.2,-0.62
169,PCC4CU,2016,Phragmites,Phragmites_Calamagrostis,Calamagrostis,Without competition,1500,20.4,3.21
170,PCC4CU,2016,Phragmites,Phragmites_Calamagrostis,Calamagrostis,Without competition,1000,18.8,2.95
171,PCC4CU,2016,Phragmites,Phragmites_Calamagrostis,Calamagrostis,Without competition,500,12.9,2.29
172,PCC4CU,2016,Phragmites,Phragmites_Calamagrostis,Calamagrostis,Without competition,200,6.4,1.42
173,PCC4CU,2016,Phragmites,Phragmites_Calamagrostis,Calamagrostis,Without competition,100,2.9,0.79
174,PCC4CU,2016,Phragmites,Phragmites_Calamagrostis,Calamagrostis,Without competition,50,0.4,0.19
175,PCC4CU,2016,Phragmites,Phragmites_Calamagrostis,Calamagrostis,Without competition,0,-0.6,-0.44
176,TYP1,2016,Typha,Typha_Phragmites,Phragmites,Competition,1500,21.5,2.83
177,TYP1,2016,Typha,Typha_Phragmites,Phragmites,Competition,1000,20,2.5
178,TYP1,2016,Typha,Typha_Phragmites,Phragmites,Competition,500,15.8,2.04
179,TYP1,2016,Typha,Typha_Phragmites,Phragmites,Competition,200,10.1,1.31
180,TYP1,2016,Typha,Typha_Phragmites,Phragmites,Competition,100,5.6,0.73
181,TYP1,2016,Typha,Typha_Phragmites,Phragmites,Competition,50,3.9,0.54
182,TYP1,2016,Typha,Typha_Phragmites,Phragmites,Competition,0,2.3,0.32
183,TYP1CU,2016,Typha,Typha_Phragmites,Phragmites,Without competition,1500,28.1,3.12
184,TYP1CU,2016,Typha,Typha_Phragmites,Phragmites,Without competition,1000,27.6,3.14
185,TYP1CU,2016,Typha,Typha_Phragmites,Phragmites,Without competition,500,19.3,2.37
186,TYP1CU,2016,Typha,Typha_Phragmites,Phragmites,Without competition,200,11.8,1.41
187,TYP1CU,2016,Typha,Typha_Phragmites,Phragmites,Without competition,100,7.4,0.85
188,TYP1CU,2016,Typha,Typha_Phragmites,Phragmites,Without competition,50,6.1,0.67
189,TYP1CU,2016,Typha,Typha_Phragmites,Phragmites,Without competition,0,5.5,0.61
190,TYP2,2016,Typha,Typha_Phragmites,Phragmites,Competition,1500,19.2,2.69
191,TYP2,2016,Typha,Typha_Phragmites,Phragmites,Competition,1000,18.1,2.52
192,TYP2,2016,Typha,Typha_Phragmites,Phragmites,Competition,500,13.3,1.79
193,TYP2,2016,Typha,Typha_Phragmites,Phragmites,Competition,200,6,0.8
194,TYP2,2016,Typha,Typha_Phragmites,Phragmites,Competition,100,2,0.26
195,TYP2,2016,Typha,Typha_Phragmites,Phragmites,Competition,50,0.1,0.01
196,TYP2,2016,Typha,Typha_Phragmites,Phragmites,Competition,0,-1.1,-0.15
197,TYP2CU,2016,Typha,Typha_Phragmites,Phragmites,Without competition,1500,27,3.83
198,TYP2CU,2016,Typha,Typha_Phragmites,Phragmites,Without competition,1000,24.7,3.26
199,TYP2CU,2016,Typha,Typha_Phragmites,Phragmites,Without competition,500,20.3,2.92
200,TYP2CU,2016,Typha,Typha_Phragmites,Phragmites,Without competition,200,10.9,1.61
201,TYP2CU,2016,Typha,Typha_Phragmites,Phragmites,Without competition,100,8.1,1.17
202,TYP2CU,2016,Typha,Typha_Phragmites,Phragmites,Without competition,50,6.3,0.89
203,TYP2CU,2016,Typha,Typha_Phragmites,Phragmites,Without competition,0,5.6,0.79
204,TYP3,2016,Typha,Typha_Phragmites,Phragmites,Competition,1500,13.8,2.92
205,TYP3,2016,Typha,Typha_Phragmites,Phragmites,Competition,1000,13.3,3.02
206,TYP3,2016,Typha,Typha_Phragmites,Phragmites,Competition,500,10,2.13
207,TYP3,2016,Typha,Typha_Phragmites,Phragmites,Competition,200,5,1.13
208,TYP3,2016,Typha,Typha_Phragmites,Phragmites,Competition,100,1.7,0.4
209,TYP3,2016,Typha,Typha_Phragmites,Phragmites,Competition,50,-0.1,-0.02
210,TYP3,2016,Typha,Typha_Phragmites,Phragmites,Competition,0,-1.4,-0.39
211,TYP3CU,2016,Typha,Typha_Phragmites,Phragmites,Without competition,1500,20.1,3.08
212,TYP3CU,2016,Typha,Typha_Phragmites,Phragmites,Without competition,1000,19.1,2.99
213,TYP3CU,2016,Typha,Typha_Phragmites,Phragmites,Without competition,500,13.5,2.17
214,TYP3CU,2016,Typha,Typha_Phragmites,Phragmites,Without competition,200,5.9,0.96
215,TYP3CU,2016,Typha,Typha_Phragmites,Phragmites,Without competition,100,2.1,0.34
216,TYP3CU,2016,Typha,Typha_Phragmites,Phragmites,Without competition,50,0.3,0.05
217,TYP3CU,2016,Typha,Typha_Phragmites,Phragmites,Without competition,0,-1.3,-0.24
218,PCA1,2016,Phragmites,Phragmites_Carex,Carex,Competition,1500,11.9,2.44
219,PCA1,2016,Phragmites,Phragmites_Carex,Carex,Competition,1000,11.2,2.25
220,PCA1,2016,Phragmites,Phragmites_Carex,Carex,Competition,500,9,1.83
221,PCA1,2016,Phragmites,Phragmites_Carex,Carex,Competition,200,4.5,1
222,PCA1,2016,Phragmites,Phragmites_Carex,Carex,Competition,100,1.8,0.51
223,PCA1,2016,Phragmites,Phragmites_Carex,Carex,Competition,50,0.6,0.26
224,PCA1,2016,Phragmites,Phragmites_Carex,Carex,Competition,0,-0.3,-0.2
225,PCA1CU,2016,Phragmites,Phragmites_Carex,Carex,Without competition,1500,23.9,3.17
226,PCA1CU,2016,Phragmites,Phragmites_Carex,Carex,Without competition,1000,21.1,2.84
227,PCA1CU,2016,Phragmites,Phragmites_Carex,Carex,Without competition,500,14.5,2.28
228,PCA1CU,2016,Phragmites,Phragmites_Carex,Carex,Without competition,200,6.4,1.21
229,PCA1CU,2016,Phragmites,Phragmites_Carex,Carex,Without competition,100,2.8,0.71
230,PCA1CU,2016,Phragmites,Phragmites_Carex,Carex,Without competition,50,0.8,0.44
231,PCA1CU,2016,Phragmites,Phragmites_Carex,Carex,Without competition,0,-0.4,-0.28
232,PCA2,2016,Phragmites,Phragmites_Carex,Carex,Competition,1500,22.5,3.03
233,PCA2,2016,Phragmites,Phragmites_Carex,Carex,Competition,1000,20.1,2.75
234,PCA2,2016,Phragmites,Phragmites_Carex,Carex,Competition,500,13.9,2.11
235,PCA2,2016,Phragmites,Phragmites_Carex,Carex,Competition,200,5.9,0.95
236,PCA2,2016,Phragmites,Phragmites_Carex,Carex,Competition,100,2.3,0.45
237,PCA2,2016,Phragmites,Phragmites_Carex,Carex,Competition,50,0.7,0.17
238,PCA2,2016,Phragmites,Phragmites_Carex,Carex,Competition,0,-0.9,-0.28
239,PCA2CU,2016,Phragmites,Phragmites_Carex,Carex,Without competition,1500,23.5,3.13
240,PCA2CU,2016,Phragmites,Phragmites_Carex,Carex,Without competition,1000,21.2,2.7
241,PCA2CU,2016,Phragmites,Phragmites_Carex,Carex,Without competition,500,14.8,1.95
242,PCA2CU,2016,Phragmites,Phragmites_Carex,Carex,Without competition,200,5.9,0.87
243,PCA2CU,2016,Phragmites,Phragmites_Carex,Carex,Without competition,100,2.7,0.83
244,PCA2CU,2016,Phragmites,Phragmites_Carex,Carex,Without competition,50,0.8,0.39
245,PCA2CU,2016,Phragmites,Phragmites_Carex,Carex,Without competition,0,0,0
246,PCA3,2016,Phragmites,Phragmites_Carex,Carex,Competition,1500,17.1,2.71
247,PCA3,2016,Phragmites,Phragmites_Carex,Carex,Competition,1000,15.3,2.58
248,PCA3,2016,Phragmites,Phragmites_Carex,Carex,Competition,500,10.8,2.05
249,PCA3,2016,Phragmites,Phragmites_Carex,Carex,Competition,200,4.5,1.03
250,PCA3,2016,Phragmites,Phragmites_Carex,Carex,Competition,100,1.3,0.41
251,PCA3,2016,Phragmites,Phragmites_Carex,Carex,Competition,50,0.1,0.05
252,PCA3,2016,Phragmites,Phragmites_Carex,Carex,Competition,0,-1,-0.71
253,PCA3CU,2016,Phragmites,Phragmites_Carex,Carex,Without competition,1500,22.2,3.34
254,PCA3CU,2016,Phragmites,Phragmites_Carex,Carex,Without competition,1000,19.4,3.08
255,PCA3CU,2016,Phragmites,Phragmites_Carex,Carex,Without competition,500,13.7,2.35
256,PCA3CU,2016,Phragmites,Phragmites_Carex,Carex,Without competition,200,6,1.15
257,PCA3CU,2016,Phragmites,Phragmites_Carex,Carex,Without competition,100,1.9,0.48
258,PCA3CU,2016,Phragmites,Phragmites_Carex,Carex,Without competition,50,0.2,0.08
259,PCA3CU,2016,Phragmites,Phragmites_Carex,Carex,Without competition,0,-0.1,-0.05
260,PCA4,2016,Phragmites,Phragmites_Carex,Carex,Competition,1500,15,2.88
261,PCA4,2016,Phragmites,Phragmites_Carex,Carex,Competition,1000,13.6,2.72
262,PCA4,2016,Phragmites,Phragmites_Carex,Carex,Competition,500,9.5,2.14
263,PCA4,2016,Phragmites,Phragmites_Carex,Carex,Competition,200,3.9,1.1
264,PCA4,2016,Phragmites,Phragmites_Carex,Carex,Competition,100,1.1,0.75
265,PCA4,2016,Phragmites,Phragmites_Carex,Carex,Competition,50,-0.1,-0.09
266,PCA4,2016,Phragmites,Phragmites_Carex,Carex,Competition,0,-1,-1.12
267,PCA4CU,2016,Phragmites,Phragmites_Carex,Carex,Without competition,1500,25.4,3.35
268,PCA4CU,2016,Phragmites,Phragmites_Carex,Carex,Without competition,1000,22.1,2.86
269,PCA4CU,2016,Phragmites,Phragmites_Carex,Carex,Without competition,500,14.6,1.97
270,PCA4CU,2016,Phragmites,Phragmites_Carex,Carex,Without competition,200,6.1,0.92
271,PCA4CU,2016,Phragmites,Phragmites_Carex,Carex,Without competition,100,2,0.33
272,PCA4CU,2016,Phragmites,Phragmites_Carex,Carex,Without competition,50,-0.1,-0.02
273,PCA4CU,2016,Phragmites,Phragmites_Carex,Carex,Without competition,0,-1.8,-0.52
274,PCA5,2016,Phragmites,Phragmites_Carex,Carex,Competition,1500,20.4,2.72
275,PCA5,2016,Phragmites,Phragmites_Carex,Carex,Competition,1000,17.8,2.47
276,PCA5,2016,Phragmites,Phragmites_Carex,Carex,Competition,500,12.7,1.92
277,PCA5,2016,Phragmites,Phragmites_Carex,Carex,Competition,200,5.5,0.9
278,PCA5,2016,Phragmites,Phragmites_Carex,Carex,Competition,100,1.9,0.43
279,PCA5,2016,Phragmites,Phragmites_Carex,Carex,Competition,50,0,0
280,PCA5,2016,Phragmites,Phragmites_Carex,Carex,Competition,0,-0.9,-0.4
281,PCA6,2016,Phragmites,Phragmites_Carex,Carex,Competition,1500,20.9,2.8
282,PCA6,2016,Phragmites,Phragmites_Carex,Carex,Competition,1000,18.5,2.64
283,PCA6,2016,Phragmites,Phragmites_Carex,Carex,Competition,500,13.2,2.07
284,PCA6,2016,Phragmites,Phragmites_Carex,Carex,Competition,200,5.5,1.01
285,PCA6,2016,Phragmites,Phragmites_Carex,Carex,Competition,100,1.6,0.4
286,PCA6,2016,Phragmites,Phragmites_Carex,Carex,Competition,50,0.1,0.04
287,PCA6,2016,Phragmites,Phragmites_Carex,Carex,Competition,0,-0.9,-0.45
288,PCA6CU,2016,Phragmites,Phragmites_Carex,Carex,Without competition,1500,23.6,3.04
289,PCA6CU,2016,Phragmites,Phragmites_Carex,Carex,Without competition,1000,21,2.78
290,PCA6CU,2016,Phragmites,Phragmites_Carex,Carex,Without competition,500,14.6,1.97
291,PCA6CU,2016,Phragmites,Phragmites_Carex,Carex,Without competition,200,6.1,0.87
292,PCA6CU,2016,Phragmites,Phragmites_Carex,Carex,Without competition,100,2.3,0.41
293,PCA6CU,2016,Phragmites,Phragmites_Carex,Carex,Without competition,50,0.4,0.09
294,PCA6CU,2016,Phragmites,Phragmites_Carex,Carex,Without competition,0,-1,-0.29
295,PCC4,2016,Phragmites,Phragmites_Calamagrostis,Calamagrostis,Competition,1500,23.2,3.21
296,PCC4,2016,Phragmites,Phragmites_Calamagrostis,Calamagrostis,Competition,1000,18.6,2.93
297,PCC4,2016,Phragmites,Phragmites_Calamagrostis,Calamagrostis,Competition,500,13.4,2.33
298,PCC4,2016,Phragmites,Phragmites_Calamagrostis,Calamagrostis,Competition,200,5,1
299,PCC4,2016,Phragmites,Phragmites_Calamagrostis,Calamagrostis,Competition,100,0.7,0.17
300,PCC4,2016,Phragmites,Phragmites_Calamagrostis,Calamagrostis,Competition,50,-0.9,-0.35
301,PCC4,2016,Phragmites,Phragmites_Calamagrostis,Calamagrostis,Competition,0,-1.3,-0.53
302,PCC5,2016,Phragmites,Phragmites_Calamagrostis,Calamagrostis,Competition,1500,14.2,2.68
303,PCC5,2016,Phragmites,Phragmites_Calamagrostis,Calamagrostis,Competition,1000,13.7,2.46
304,PCC5,2016,Phragmites,Phragmites_Calamagrostis,Calamagrostis,Competition,500,11.1,2.14
305,PCC5,2016,Phragmites,Phragmites_Calamagrostis,Calamagrostis,Competition,200,5.8,1.22
306,PCC5,2016,Phragmites,Phragmites_Calamagrostis,Calamagrostis,Competition,100,2.6,0.71
307,PCC5,2016,Phragmites,Phragmites_Calamagrostis,Calamagrostis,Competition,50,1,0.39
308,PCC5,2016,Phragmites,Phragmites_Calamagrostis,Calamagrostis,Competition,0,-0.5,-0.25
309,PCC5CU,2016,Phragmites,Phragmites_Calamagrostis,Calamagrostis,Without competition,1500,19,2.61
310,PCC5CU,2016,Phragmites,Phragmites_Calamagrostis,Calamagrostis,Without competition,1000,17.9,2.36
311,PCC5CU,2016,Phragmites,Phragmites_Calamagrostis,Calamagrostis,Without competition,500,13.7,1.87
312,PCC5CU,2016,Phragmites,Phragmites_Calamagrostis,Calamagrostis,Without competition,200,7.2,1.08
313,PCC5CU,2016,Phragmites,Phragmites_Calamagrostis,Calamagrostis,Without competition,100,3.6,0.63
314,PCC5CU,2016,Phragmites,Phragmites_Calamagrostis,Calamagrostis,Without competition,50,2,0.57
315,PCC5CU,2016,Phragmites,Phragmites_Calamagrostis,Calamagrostis,Without competition,0,0.7,0.33
316,PCC6,2016,Phragmites,Phragmites_Calamagrostis,Calamagrostis,Competition,1500,18.4,2.83
317,PCC6,2016,Phragmites,Phragmites_Calamagrostis,Calamagrostis,Competition,1000,17,2.69
318,PCC6,2016,Phragmites,Phragmites_Calamagrostis,Calamagrostis,Competition,500,12.5,2.06
319,PCC6,2016,Phragmites,Phragmites_Calamagrostis,Calamagrostis,Competition,200,6,1.12
320,PCC6,2016,Phragmites,Phragmites_Calamagrostis,Calamagrostis,Competition,100,2.3,0.53
321,PCC6,2016,Phragmites,Phragmites_Calamagrostis,Calamagrostis,Competition,50,0.3,0.09
322,PCC6,2016,Phragmites,Phragmites_Calamagrostis,Calamagrostis,Competition,0,-0.8,-0.29
323,PCC6CU,2016,Phragmites,Phragmites_Calamagrostis,Calamagrostis,Without competition,1500,17.7,2.91
324,PCC6CU,2016,Phragmites,Phragmites_Calamagrostis,Calamagrostis,Without competition,1000,16.6,2.84
325,PCC6CU,2016,Phragmites,Phragmites_Calamagrostis,Calamagrostis,Without competition,500,12.8,2.33
326,PCC6CU,2016,Phragmites,Phragmites_Calamagrostis,Calamagrostis,Without competition,200,5.6,1.1
327,PCC6CU,2016,Phragmites,Phragmites_Calamagrostis,Calamagrostis,Without competition,100,2.2,0.48
328,PCC6CU,2016,Phragmites,Phragmites_Calamagrostis,Calamagrostis,Without competition,50,0.4,0.1
329,PCC6CU,2016,Phragmites,Phragmites_Calamagrostis,Calamagrostis,Without competition,0,-0.9,-0.33
330,CAP12,2016,Carex,Carex_Phragmites,Phragmites,Competition,1500,4.1,1.36
331,CAP12,2016,Carex,Carex_Phragmites,Phragmites,Competition,1000,3.9,1.66
332,CAP12,2016,Carex,Carex_Phragmites,Phragmites,Competition,500,3.5,1.6
333,CAP12,2016,Carex,Carex_Phragmites,Phragmites,Competition,200,3.1,1.72
334,CAP12,2016,Carex,Carex_Phragmites,Phragmites,Competition,100,1.5,0.69
335,CAP12,2016,Carex,Carex_Phragmites,Phragmites,Competition,50,0.2,0.1
336,CAP12,2016,Carex,Carex_Phragmites,Phragmites,Competition,0,-0.8,-0.44
337,CCP4,2016,Calamagrostis,Calamagrostis_Phragmites,Phragmites,Competition,1500,8,1.95
338,CCP4,2016,Calamagrostis,Calamagrostis_Phragmites,Phragmites,Competition,1000,8.6,2.68
339,CCP4,2016,Calamagrostis,Calamagrostis_Phragmites,Phragmites,Competition,500,7.6,2.68
340,CCP4,2016,Calamagrostis,Calamagrostis_Phragmites,Phragmites,Competition,200,4.4,1.64
341,CCP4,2016,Calamagrostis,Calamagrostis_Phragmites,Phragmites,Competition,100,1.7,0.63
342,CCP4,2016,Calamagrostis,Calamagrostis_Phragmites,Phragmites,Competition,50,0.3,0.14
343,CCP4,2016,Calamagrostis,Calamagrostis_Phragmites,Phragmites,Competition,0,-0.7,-0.38
344,CCP5,2016,Calamagrostis,Calamagrostis_Phragmites,Phragmites,Competition,1500,7.4,1.72
345,CCP5,2016,Calamagrostis,Calamagrostis_Phragmites,Phragmites,Competition,1000,7.6,2.15
346,CCP5,2016,Calamagrostis,Calamagrostis_Phragmites,Phragmites,Competition,500,6.2,2.28
347,CCP5,2016,Calamagrostis,Calamagrostis_Phragmites,Phragmites,Competition,200,3.3,1.47
348,CCP5,2016,Calamagrostis,Calamagrostis_Phragmites,Phragmites,Competition,100,1.3,0.51
349,CCP5,2016,Calamagrostis,Calamagrostis_Phragmites,Phragmites,Competition,50,-0.1,-0.06
350,CCP5,2016,Calamagrostis,Calamagrostis_Phragmites,Phragmites,Competition,0,-0.5,-0.36
351,CCP5CU,2016,Calamagrostis,Calamagrostis_Phragmites,Phragmites,Without competition,1500,13.4,2.07
352,CCP5CU,2016,Calamagrostis,Calamagrostis_Phragmites,Phragmites,Without competition,1000,12.3,2.28
353,CCP5CU,2016,Calamagrostis,Calamagrostis_Phragmites,Phragmites,Without competition,500,8.5,2
354,CCP5CU,2016,Calamagrostis,Calamagrostis_Phragmites,Phragmites,Without competition,200,4.4,1.47
355,CCP5CU,2016,Calamagrostis,Calamagrostis_Phragmites,Phragmites,Without competition,100,1.3,0.49
356,CCP5CU,2016,Calamagrostis,Calamagrostis_Phragmites,Phragmites,Without competition,50,0.1,0.06
357,CCP5CU,2016,Calamagrostis,Calamagrostis_Phragmites,Phragmites,Without competition,0,-0.5,-0.37
358,CPP6,2016,Calamagrostis,Calamagrostis_Phragmites,Phragmites,Competition,1500,11.7,3.04
359,CPP6,2016,Calamagrostis,Calamagrostis_Phragmites,Phragmites,Competition,1000,11.5,3.59
360,CPP6,2016,Calamagrostis,Calamagrostis_Phragmites,Phragmites,Competition,500,9,3.7
361,CPP6,2016,Calamagrostis,Calamagrostis_Phragmites,Phragmites,Competition,200,5.6,2.8
362,CPP6,2016,Calamagrostis,Calamagrostis_Phragmites,Phragmites,Competition,100,2.1,1.14
363,CPP6,2016,Calamagrostis,Calamagrostis_Phragmites,Phragmites,Competition,50,0.2,0.11
364,CPP6,2016,Calamagrostis,Calamagrostis_Phragmites,Phragmites,Competition,0,-1,-0.72
365,CCP6CU,2016,Calamagrostis,Calamagrostis_Phragmites,Phragmites,Without competition,1500,13.5,2.2
366,CCP6CU,2016,Calamagrostis,Calamagrostis_Phragmites,Phragmites,Without competition,1000,12.1,2.44
367,CCP6CU,2016,Calamagrostis,Calamagrostis_Phragmites,Phragmites,Without competition,500,9.5,2.32
368,CCP6CU,2016,Calamagrostis,Calamagrostis_Phragmites,Phragmites,Without competition,200,4.2,1.3
369,CCP6CU,2016,Calamagrostis,Calamagrostis_Phragmites,Phragmites,Without competition,100,1.5,0.5
370,CCP6CU,2016,Calamagrostis,Calamagrostis_Phragmites,Phragmites,Without competition,50,0.5,0.18
371,CCP6CU,2016,Calamagrostis,Calamagrostis_Phragmites,Phragmites,Without competition,0,-0.9,-0.4
372,CCP7,2016,Calamagrostis,Calamagrostis_Phragmites,Phragmites,Competition,1500,8.7,1.48
373,CCP7,2016,Calamagrostis,Calamagrostis_Phragmites,Phragmites,Competition,1000,7.4,1.77
374,CCP7,2016,Calamagrostis,Calamagrostis_Phragmites,Phragmites,Competition,500,5.2,1.72
375,CCP7,2016,Calamagrostis,Calamagrostis_Phragmites,Phragmites,Competition,200,3.1,1.15
376,CCP7,2016,Calamagrostis,Calamagrostis_Phragmites,Phragmites,Competition,100,1,0.44
377,CCP7,2016,Calamagrostis,Calamagrostis_Phragmites,Phragmites,Competition,50,0,0
378,CCP7,2016,Calamagrostis,Calamagrostis_Phragmites,Phragmites,Competition,0,-1.1,-0.72
379,CCP7CU,2016,Calamagrostis,Calamagrostis_Phragmites,Phragmites,Without competition,1500,10.9,2.03
380,CCP7CU,2016,Calamagrostis,Calamagrostis_Phragmites,Phragmites,Without competition,1000,10.1,2.42
381,CCP7CU,2016,Calamagrostis,Calamagrostis_Phragmites,Phragmites,Without competition,500,7.9,2.58
382,CCP7CU,2016,Calamagrostis,Calamagrostis_Phragmites,Phragmites,Without competition,200,3.9,1.89
383,CCP7CU,2016,Calamagrostis,Calamagrostis_Phragmites,Phragmites,Without competition,100,1.4,0.92
384,CCP7CU,2016,Calamagrostis,Calamagrostis_Phragmites,Phragmites,Without competition,50,0.2,0.22
385,CCP7CU,2016,Calamagrostis,Calamagrostis_Phragmites,Phragmites,Without competition,0,-0.7,-0.8
386,CCP8,2016,Calamagrostis,Calamagrostis_Phragmites,Phragmites,Competition,1500,5.4,2.73
387,CCP8,2016,Calamagrostis,Calamagrostis_Phragmites,Phragmites,Competition,1000,4.6,2.82
388,CCP8,2016,Calamagrostis,Calamagrostis_Phragmites,Phragmites,Competition,500,4.7,2.8
389,CCP8,2016,Calamagrostis,Calamagrostis_Phragmites,Phragmites,Competition,200,3.7,3.43
390,CCP8,2016,Calamagrostis,Calamagrostis_Phragmites,Phragmites,Competition,100,1.5,1.46
391,CCP8,2016,Calamagrostis,Calamagrostis_Phragmites,Phragmites,Competition,50,0.1,0.11
392,CCP8,2016,Calamagrostis,Calamagrostis_Phragmites,Phragmites,Competition,0,-0.8,-1.82
393,CCP8CU,2016,Calamagrostis,Calamagrostis_Phragmites,Phragmites,Without competition,1500,13.7,2.52
394,CCP8CU,2016,Calamagrostis,Calamagrostis_Phragmites,Phragmites,Without competition,1000,12.3,3.51
395,CCP8CU,2016,Calamagrostis,Calamagrostis_Phragmites,Phragmites,Without competition,500,9.7,2.93
396,CCP8CU,2016,Calamagrostis,Calamagrostis_Phragmites,Phragmites,Without competition,200,4.7,1.57
397,CCP8CU,2016,Calamagrostis,Calamagrostis_Phragmites,Phragmites,Without competition,100,2,0.88
398,CCP8CU,2016,Calamagrostis,Calamagrostis_Phragmites,Phragmites,Without competition,50,0.4,0.23
399,CCP8CU,2016,Calamagrostis,Calamagrostis_Phragmites,Phragmites,Without competition,0,-0.8,-0.5
400,CCP9,2016,Calamagrostis,Calamagrostis_Phragmites,Phragmites,Competition,1500,10.1,1.87
401,CCP9,2016,Calamagrostis,Calamagrostis_Phragmites,Phragmites,Competition,1000,9.5,2.75
402,CCP9,2016,Calamagrostis,Calamagrostis_Phragmites,Phragmites,Competition,500,7.9,2.58
403,CCP9,2016,Calamagrostis,Calamagrostis_Phragmites,Phragmites,Competition,200,4.7,1.68
404,CCP9,2016,Calamagrostis,Calamagrostis_Phragmites,Phragmites,Competition,100,2.1,0.95
405,CCP9,2016,Calamagrostis,Calamagrostis_Phragmites,Phragmites,Competition,50,0.5,0.27
406,CCP9,2016,Calamagrostis,Calamagrostis_Phragmites,Phragmites,Competition,0,-0.4,-0.24
407,CCP9CU,2016,Calamagrostis,Calamagrostis_Phragmites,Phragmites,Without competition,1500,13.9,1.82
408,CCP9CU,2016,Calamagrostis,Calamagrostis_Phragmites,Phragmites,Without competition,1000,11.7,2.12
409,CCP9CU,2016,Calamagrostis,Calamagrostis_Phragmites,Phragmites,Without competition,500,9.5,2.18
410,CCP9CU,2016,Calamagrostis,Calamagrostis_Phragmites,Phragmites,Without competition,200,4.5,0.96
411,CCP9CU,2016,Calamagrostis,Calamagrostis_Phragmites,Phragmites,Without competition,100,1.5,0.42
412,CCP9CU,2016,Calamagrostis,Calamagrostis_Phragmites,Phragmites,Without competition,50,-0.2,-0.07
413,CCP9CU,2016,Calamagrostis,Calamagrostis_Phragmites,Phragmites,Without competition,0,-1.2,-0.52
414,CCP10,2016,Calamagrostis,Calamagrostis_Phragmites,Phragmites,Competition,1500,7.6,1.37
415,CCP10,2016,Calamagrostis,Calamagrostis_Phragmites,Phragmites,Competition,1000,7.3,2.11
416,CCP10,2016,Calamagrostis,Calamagrostis_Phragmites,Phragmites,Competition,500,6.5,2.35
417,CCP10,2016,Calamagrostis,Calamagrostis_Phragmites,Phragmites,Competition,200,4.2,1.94
418,CCP10,2016,Calamagrostis,Calamagrostis_Phragmites,Phragmites,Competition,100,1.9,1.19
419,CCP10,2016,Calamagrostis,Calamagrostis_Phragmites,Phragmites,Competition,50,0.7,0.52
420,CCP10,2016,Calamagrostis,Calamagrostis_Phragmites,Phragmites,Competition,0,-0.7,-0.6
421,CCP10CU,2016,Calamagrostis,Calamagrostis_Phragmites,Phragmites,Without competition,1500,15.7,1.99
422,CCP10CU,2016,Calamagrostis,Calamagrostis_Phragmites,Phragmites,Without competition,1000,14.6,2.74
423,CCP10CU,2016,Calamagrostis,Calamagrostis_Phragmites,Phragmites,Without competition,500,11.5,2.41
424,CCP10CU,2016,Calamagrostis,Calamagrostis_Phragmites,Phragmites,Without competition,200,5.2,1.41
425,CCP10CU,2016,Calamagrostis,Calamagrostis_Phragmites,Phragmites,Without competition,100,1.5,0.59
426,CCP10CU,2016,Calamagrostis,Calamagrostis_Phragmites,Phragmites,Without competition,50,0.3,0.18
427,CCP10CU,2016,Calamagrostis,Calamagrostis_Phragmites,Phragmites,Without competition,0,-0.6,-0.52
428,CCP11,2016,Calamagrostis,Calamagrostis_Phragmites,Phragmites,Competition,1500,5,1.21
429,CCP11,2016,Calamagrostis,Calamagrostis_Phragmites,Phragmites,Competition,1000,4,1.85
430,CCP11,2016,Calamagrostis,Calamagrostis_Phragmites,Phragmites,Competition,500,2.2,1.45
431,CCP11,2016,Calamagrostis,Calamagrostis_Phragmites,Phragmites,Competition,200,0.8,0.72
432,CCP11,2016,Calamagrostis,Calamagrostis_Phragmites,Phragmites,Competition,100,0.3,0.29
433,CCP11,2016,Calamagrostis,Calamagrostis_Phragmites,Phragmites,Competition,50,-0.2,-0.26
434,CCP11,2016,Calamagrostis,Calamagrostis_Phragmites,Phragmites,Competition,0,-0.5,-0.83
435,CCP11CU,2016,Calamagrostis,Calamagrostis_Phragmites,Phragmites,Without competition,1500,8.3,1.27
436,CCP11CU,2016,Calamagrostis,Calamagrostis_Phragmites,Phragmites,Without competition,1000,7,1.68
437,CCP11CU,2016,Calamagrostis,Calamagrostis_Phragmites,Phragmites,Without competition,500,4.6,1.5
438,CCP11CU,2016,Calamagrostis,Calamagrostis_Phragmites,Phragmites,Without competition,200,1.6,0.78
439,CCP11CU,2016,Calamagrostis,Calamagrostis_Phragmites,Phragmites,Without competition,100,0.5,0.34
440,CCP11CU,2016,Calamagrostis,Calamagrostis_Phragmites,Phragmites,Without competition,50,-0.3,-0.3
441,CCP11CU,2016,Calamagrostis,Calamagrostis_Phragmites,Phragmites,Without competition,0,-1.1,-1.33
442,CCP12,2016,Calamagrostis,Calamagrostis_Phragmites,Phragmites,Competition,1500,8.2,1.69
443,CCP12,2016,Calamagrostis,Calamagrostis_Phragmites,Phragmites,Competition,1000,7.5,2.98
444,CCP12,2016,Calamagrostis,Calamagrostis_Phragmites,Phragmites,Competition,500,5.1,2.37
445,CCP12,2016,Calamagrostis,Calamagrostis_Phragmites,Phragmites,Competition,200,2.1,1.26
446,CCP12,2016,Calamagrostis,Calamagrostis_Phragmites,Phragmites,Competition,100,-0.2,-0.17
447,CCP12,2016,Calamagrostis,Calamagrostis_Phragmites,Phragmites,Competition,50,-0.9,-0.94
448,CCP12,2016,Calamagrostis,Calamagrostis_Phragmites,Phragmites,Competition,0,-1.1,-1.75
449,CAP1,2016,Carex,Carex_Phragmites,Phragmites,Competition,1500,3.6,0.98
450,CAP1,2016,Carex,Carex_Phragmites,Phragmites,Competition,1000,3.4,1.47
451,CAP1,2016,Carex,Carex_Phragmites,Phragmites,Competition,500,3.3,2.02
452,CAP1,2016,Carex,Carex_Phragmites,Phragmites,Competition,200,2.7,1.57
453,CAP1,2016,Carex,Carex_Phragmites,Phragmites,Competition,100,1.7,1.11
454,CAP1,2016,Carex,Carex_Phragmites,Phragmites,Competition,50,1.1,0.74
455,CAP1,2016,Carex,Carex_Phragmites,Phragmites,Competition,0,0.2,0.14
456,CAP4,2016,Carex,Carex_Phragmites,Phragmites,Competition,1500,2.8,0.65
457,CAP4,2016,Carex,Carex_Phragmites,Phragmites,Competition,1000,2.6,0.99
458,CAP4,2016,Carex,Carex_Phragmites,Phragmites,Competition,500,1.9,1
459,CAP4,2016,Carex,Carex_Phragmites,Phragmites,Competition,200,2.1,1.03
460,CAP4,2016,Carex,Carex_Phragmites,Phragmites,Competition,100,0.4,0.2
461,CAP4,2016,Carex,Carex_Phragmites,Phragmites,Competition,50,0,0
462,CAP4,2016,Carex,Carex_Phragmites,Phragmites,Competition,0,-1.3,-0.84
463,CAP11,2016,Carex,Carex_Phragmites,Phragmites,Competition,1500,0.7,0.26
464,CAP11,2016,Carex,Carex_Phragmites,Phragmites,Competition,1000,2.9,1.35
465,CAP11,2016,Carex,Carex_Phragmites,Phragmites,Competition,500,2.5,1.28
466,CAP11,2016,Carex,Carex_Phragmites,Phragmites,Competition,200,1.5,0.75
467,CAP11,2016,Carex,Carex_Phragmites,Phragmites,Competition,100,0.1,0.05
468,CAP11,2016,Carex,Carex_Phragmites,Phragmites,Competition,50,-1.3,-0.7
469,CAP11,2016,Carex,Carex_Phragmites,Phragmites,Competition,0,-1.8,-0.95
470,CAP6CU,2016,Carex,Carex_Phragmites,Phragmites,Without competition,1500,13.7,2.12
471,CAP6CU,2016,Carex,Carex_Phragmites,Phragmites,Without competition,1000,12.9,2.72
472,CAP6CU,2016,Carex,Carex_Phragmites,Phragmites,Without competition,500,10.7,2.55
473,CAP6CU,2016,Carex,Carex_Phragmites,Phragmites,Without competition,200,5.5,1.51
474,CAP6CU,2016,Carex,Carex_Phragmites,Phragmites,Without competition,100,2.6,0.87
475,CAP6CU,2016,Carex,Carex_Phragmites,Phragmites,Without competition,50,1.4,0.58
476,CAP6CU,2016,Carex,Carex_Phragmites,Phragmites,Without competition,0,0.5,0.21
477,CAP7CU,2016,Carex,Carex_Phragmites,Phragmites,Without competition,1500,15.8,2.07
478,CAP7CU,2016,Carex,Carex_Phragmites,Phragmites,Without competition,1000,15.1,2.2
479,CAP7CU,2016,Carex,Carex_Phragmites,Phragmites,Without competition,500,12.2,2.09
480,CAP7CU,2016,Carex,Carex_Phragmites,Phragmites,Without competition,200,7.1,1.25
481,CAP7CU,2016,Carex,Carex_Phragmites,Phragmites,Without competition,100,2.6,0.47
482,CAP7CU,2016,Carex,Carex_Phragmites,Phragmites,Without competition,50,2.1,0.43
483,CAP7CU,2016,Carex,Carex_Phragmites,Phragmites,Without competition,0,0.5,0.12
484,CAP10,2016,Carex,Carex_Phragmites,Phragmites,Competition,1500,9.1,1.62
485,CAP10,2016,Carex,Carex_Phragmites,Phragmites,Competition,1000,9.1,2.43
486,CAP10,2016,Carex,Carex_Phragmites,Phragmites,Competition,500,5.2,1.69
487,CAP10,2016,Carex,Carex_Phragmites,Phragmites,Competition,200,4.2,1.48
488,CAP10,2016,Carex,Carex_Phragmites,Phragmites,Competition,100,2,0.72
489,CAP10,2016,Carex,Carex_Phragmites,Phragmites,Competition,50,0.5,0.26
490,CAP10,2016,Carex,Carex_Phragmites,Phragmites,Competition,0,-0.9,-0.32
491,CAP10CU,2016,Carex,Carex_Phragmites,Phragmites,Without competition,1500,12.8,2.06
492,CAP10CU,2016,Carex,Carex_Phragmites,Phragmites,Without competition,1000,11.8,2.41
493,CAP10CU,2016,Carex,Carex_Phragmites,Phragmites,Without competition,500,8.8,2
494,CAP10CU,2016,Carex,Carex_Phragmites,Phragmites,Without competition,200,4.6,1.54
495,CAP10CU,2016,Carex,Carex_Phragmites,Phragmites,Without competition,100,1.6,0.42
496,CAP10CU,2016,Carex,Carex_Phragmites,Phragmites,Without competition,50,0,0
497,CAP10CU,2016,Carex,Carex_Phragmites,Phragmites,Without competition,0,-1.5,-0.42
498,CCP1,2016,Calamagrostis,Calamagrostis_Phragmites,Phragmites,Competition,1500,5.6,1.53
499,CCP1,2016,Calamagrostis,Calamagrostis_Phragmites,Phragmites,Competition,1000,4.4,2.54
500,CCP1,2016,Calamagrostis,Calamagrostis_Phragmites,Phragmites,Competition,500,4.1,2.32
501,CCP1,2016,Calamagrostis,Calamagrostis_Phragmites,Phragmites,Competition,200,3.4,2.79
502,CCP1,2016,Calamagrostis,Calamagrostis_Phragmites,Phragmites,Competition,100,2,1.42
503,CCP1,2016,Calamagrostis,Calamagrostis_Phragmites,Phragmites,Competition,50,1.5,1.35
504,CCP1,2016,Calamagrostis,Calamagrostis_Phragmites,Phragmites,Competition,0,0.3,0.33
505,CCP1CU,2016,Calamagrostis,Calamagrostis_Phragmites,Phragmites,Without competition,1500,9.4,2.63
506,CCP1CU,2016,Calamagrostis,Calamagrostis_Phragmites,Phragmites,Without competition,1000,7.8,3.63
507,CCP1CU,2016,Calamagrostis,Calamagrostis_Phragmites,Phragmites,Without competition,500,6.5,4.17
508,CCP1CU,2016,Calamagrostis,Calamagrostis_Phragmites,Phragmites,Without competition,200,3.5,2.3
509,CCP1CU,2016,Calamagrostis,Calamagrostis_Phragmites,Phragmites,Without competition,100,1.5,1.32
510,CCP1CU,2016,Calamagrostis,Calamagrostis_Phragmites,Phragmites,Without competition,50,-0.2,-0.19
511,CCP1CU,2016,Calamagrostis,Calamagrostis_Phragmites,Phragmites,Without competition,0,-1.2,-1.03
512,CCP2,2016,Calamagrostis,Calamagrostis_Phragmites,Phragmites,Competition,1500,13,1.96
513,CCP2,2016,Calamagrostis,Calamagrostis_Phragmites,Phragmites,Competition,1000,12.1,2.34
514,CCP2,2016,Calamagrostis,Calamagrostis_Phragmites,Phragmites,Competition,500,10.7,2.65
515,CCP2,2016,Calamagrostis,Calamagrostis_Phragmites,Phragmites,Competition,200,6.1,2.21
516,CCP2,2016,Calamagrostis,Calamagrostis_Phragmites,Phragmites,Competition,100,2.6,1.08
517,CCP2,2016,Calamagrostis,Calamagrostis_Phragmites,Phragmites,Competition,50,1.8,0.93
518,CCP2,2016,Calamagrostis,Calamagrostis_Phragmites,Phragmites,Competition,0,0.1,0.07
519,CCP2CU,2016,Calamagrostis,Calamagrostis_Phragmites,Phragmites,Without competition,1500,9,1.79
520,CCP2CU,2016,Calamagrostis,Calamagrostis_Phragmites,Phragmites,Without competition,1000,9.2,2.28
521,CCP2CU,2016,Calamagrostis,Calamagrostis_Phragmites,Phragmites,Without competition,500,7.9,2.48
522,CCP2CU,2016,Calamagrostis,Calamagrostis_Phragmites,Phragmites,Without competition,200,4.7,1.62
523,CCP2CU,2016,Calamagrostis,Calamagrostis_Phragmites,Phragmites,Without competition,100,2.4,0.76
524,CCP2CU,2016,Calamagrostis,Calamagrostis_Phragmites,Phragmites,Without competition,50,0.6,0.21
525,CCP2CU,2016,Calamagrostis,Calamagrostis_Phragmites,Phragmites,Without competition,0,0,0
526,CCP3,2016,Calamagrostis,Calamagrostis_Phragmites,Phragmites,Competition,1500,10.8,1.7
527,CCP3,2016,Calamagrostis,Calamagrostis_Phragmites,Phragmites,Competition,1000,8.3,1.58
528,CCP3,2016,Calamagrostis,Calamagrostis_Phragmites,Phragmites,Competition,500,7.6,1.85
529,CCP3,2016,Calamagrostis,Calamagrostis_Phragmites,Phragmites,Competition,200,4.1,1.27
530,CCP3,2016,Calamagrostis,Calamagrostis_Phragmites,Phragmites,Competition,100,1.8,0.79
531,CCP3,2016,Calamagrostis,Calamagrostis_Phragmites,Phragmites,Competition,50,0,0
532,CCP3,2016,Calamagrostis,Calamagrostis_Phragmites,Phragmites,Competition,0,0.8,0.32
533,CAP1,2017,Carex,Carex_Phragmites,Phragmites,Competition,1500,10.1,1.98
534,CAP1,2017,Carex,Carex_Phragmites,Phragmites,Competition,1000,9.7,2.82
535,CAP1,2017,Carex,Carex_Phragmites,Phragmites,Competition,500,8.4,2.42
536,CAP1,2017,Carex,Carex_Phragmites,Phragmites,Competition,200,4.3,1.33
537,CAP1,2017,Carex,Carex_Phragmites,Phragmites,Competition,100,1.2,0.41
538,CAP1,2017,Carex,Carex_Phragmites,Phragmites,Competition,50,-0.3,-0.11
539,CAP1,2017,Carex,Carex_Phragmites,Phragmites,Competition,0,-1.1,-0.44
540,CAP10,2017,Carex,Carex_Phragmites,Phragmites,Competition,1500,12.4,2.56
541,CAP10,2017,Carex,Carex_Phragmites,Phragmites,Competition,1000,12.1,3.45
542,CAP10,2017,Carex,Carex_Phragmites,Phragmites,Competition,500,9.5,2.89
543,CAP10,2017,Carex,Carex_Phragmites,Phragmites,Competition,200,5.6,1.89
544,CAP10,2017,Carex,Carex_Phragmites,Phragmites,Competition,100,2.7,0.99
545,CAP10,2017,Carex,Carex_Phragmites,Phragmites,Competition,50,0.6,0.26
546,CAP10,2017,Carex,Carex_Phragmites,Phragmites,Competition,0,-0.5,-0.23
547,CAP10CU,2017,Carex,Carex_Phragmites,Phragmites,Without competition,1500,14,2.68
548,CAP10CU,2017,Carex,Carex_Phragmites,Phragmites,Without competition,1000,13,3.69
549,CAP10CU,2017,Carex,Carex_Phragmites,Phragmites,Without competition,500,10.1,3.18
550,CAP10CU,2017,Carex,Carex_Phragmites,Phragmites,Without competition,200,6,2.1
551,CAP10CU,2017,Carex,Carex_Phragmites,Phragmites,Without competition,100,2,0.87
552,CAP10CU,2017,Carex,Carex_Phragmites,Phragmites,Without competition,50,0.2,0.12
553,CAP10CU,2017,Carex,Carex_Phragmites,Phragmites,Without competition,0,-1.1,-0.85
554,CAP11,2017,Carex,Carex_Phragmites,Phragmites,Competition,1500,12.2,1.95
555,CAP11,2017,Carex,Carex_Phragmites,Phragmites,Competition,1000,11.2,2.44
556,CAP11,2017,Carex,Carex_Phragmites,Phragmites,Competition,500,9.1,2.39
557,CAP11,2017,Carex,Carex_Phragmites,Phragmites,Competition,200,5.2,1.33
558,CAP11,2017,Carex,Carex_Phragmites,Phragmites,Competition,100,2,0.54
559,CAP11,2017,Carex,Carex_Phragmites,Phragmites,Competition,50,0.2,0.06
560,CAP11,2017,Carex,Carex_Phragmites,Phragmites,Competition,0,-0.8,-0.27
561,CAP12,2017,Carex,Carex_Phragmites,Phragmites,Competition,1500,8.1,2.09
562,CAP12,2017,Carex,Carex_Phragmites,Phragmites,Competition,1000,7.3,3.15
563,CAP12,2017,Carex,Carex_Phragmites,Phragmites,Competition,500,6,3.16
564,CAP12,2017,Carex,Carex_Phragmites,Phragmites,Competition,200,3.8,1.96
565,CAP12,2017,Carex,Carex_Phragmites,Phragmites,Competition,100,1.9,1.04
566,CAP12,2017,Carex,Carex_Phragmites,Phragmites,Competition,50,0.4,0.24
567,CAP12,2017,Carex,Carex_Phragmites,Phragmites,Competition,0,-0.6,-0.42
568,CAP12CU,2017,Carex,Carex_Phragmites,Phragmites,Without competition,1500,14.7,2.28
569,CAP12CU,2017,Carex,Carex_Phragmites,Phragmites,Without competition,1000,13.8,3.13
570,CAP12CU,2017,Carex,Carex_Phragmites,Phragmites,Without competition,500,10.8,3.12
571,CAP12CU,2017,Carex,Carex_Phragmites,Phragmites,Without competition,200,5.9,1.78
572,CAP12CU,2017,Carex,Carex_Phragmites,Phragmites,Without competition,100,2.6,0.89
573,CAP12CU,2017,Carex,Carex_Phragmites,Phragmites,Without competition,50,0.6,0.23
574,CAP12CU,2017,Carex,Carex_Phragmites,Phragmites,Without competition,0,-0.5,-0.2
575,CAP1CU,2017,Carex,Carex_Phragmites,Phragmites,Without competition,1500,14.5,2.44
576,CAP1CU,2017,Carex,Carex_Phragmites,Phragmites,Without competition,1000,13.3,3.51
577,CAP1CU,2017,Carex,Carex_Phragmites,Phragmites,Without competition,500,9.6,2.7
578,CAP1CU,2017,Carex,Carex_Phragmites,Phragmites,Without competition,200,4.5,1.42
579,CAP1CU,2017,Carex,Carex_Phragmites,Phragmites,Without competition,100,0.9,0.3
580,CAP1CU,2017,Carex,Carex_Phragmites,Phragmites,Without competition,50,-0.8,-0.29
581,CAP1CU,2017,Carex,Carex_Phragmites,Phragmites,Without competition,0,-2.1,-0.85
582,CAP2,2017,Carex,Carex_Phragmites,Phragmites,Competition,1500,10.3,2.6
583,CAP2,2017,Carex,Carex_Phragmites,Phragmites,Competition,1000,9.5,3.6
584,CAP2,2017,Carex,Carex_Phragmites,Phragmites,Competition,500,7.2,3.26
585,CAP2,2017,Carex,Carex_Phragmites,Phragmites,Competition,200,3.7,2.36
586,CAP2,2017,Carex,Carex_Phragmites,Phragmites,Competition,100,1.1,0.85
587,CAP2,2017,Carex,Carex_Phragmites,Phragmites,Competition,50,-0.4,-0.46
588,CAP2,2017,Carex,Carex_Phragmites,Phragmites,Competition,0,-1.5,-2.17
589,CAP2CU,2017,Carex,Carex_Phragmites,Phragmites,Without competition,1500,12,2.52
590,CAP2CU,2017,Carex,Carex_Phragmites,Phragmites,Without competition,1000,11.6,3.36
591,CAP2CU,2017,Carex,Carex_Phragmites,Phragmites,Without competition,500,9.4,2.86
592,CAP2CU,2017,Carex,Carex_Phragmites,Phragmites,Without competition,200,4.1,1.38
593,CAP2CU,2017,Carex,Carex_Phragmites,Phragmites,Without competition,100,0.8,0.34
594,CAP2CU,2017,Carex,Carex_Phragmites,Phragmites,Without competition,50,-0.6,-0.29
595,CAP2CU,2017,Carex,Carex_Phragmites,Phragmites,Without competition,0,-1.7,-0.87
596,CAP3,2017,Carex,Carex_Phragmites,Phragmites,Competition,1500,9.5,2.23
597,CAP3,2017,Carex,Carex_Phragmites,Phragmites,Competition,1000,8.4,2.86
598,CAP3,2017,Carex,Carex_Phragmites,Phragmites,Competition,500,7,3.5
599,CAP3,2017,Carex,Carex_Phragmites,Phragmites,Competition,200,4.2,2.21
600,CAP3,2017,Carex,Carex_Phragmites,Phragmites,Competition,100,1.3,0.87
601,CAP3,2017,Carex,Carex_Phragmites,Phragmites,Competition,50,0,0
602,CAP3,2017,Carex,Carex_Phragmites,Phragmites,Competition,0,-0.9,-0.7
603,CAP3CU,2017,Carex,Carex_Phragmites,Phragmites,Without competition,1500,10.9,2.2
604,CAP3CU,2017,Carex,Carex_Phragmites,Phragmites,Without competition,1000,10.1,2.74
605,CAP3CU,2017,Carex,Carex_Phragmites,Phragmites,Without competition,500,7.9,2.34
606,CAP3CU,2017,Carex,Carex_Phragmites,Phragmites,Without competition,200,4.9,0
607,CAP3CU,2017,Carex,Carex_Phragmites,Phragmites,Without competition,100,1.3,0.6
608,CAP3CU,2017,Carex,Carex_Phragmites,Phragmites,Without competition,50,-0.3,-0.18
609,CAP3CU,2017,Carex,Carex_Phragmites,Phragmites,Without competition,0,-1.3,-0.85
610,CAP4,2017,Carex,Carex_Phragmites,Phragmites,Competition,1500,15,2.27
611,CAP4,2017,Carex,Carex_Phragmites,Phragmites,Competition,1000,14.2,2.96
612,CAP4,2017,Carex,Carex_Phragmites,Phragmites,Competition,500,11.3,2.42
613,CAP4,2017,Carex,Carex_Phragmites,Phragmites,Competition,200,6,1.35
614,CAP4,2017,Carex,Carex_Phragmites,Phragmites,Competition,100,2.3,0.58
615,CAP4,2017,Carex,Carex_Phragmites,Phragmites,Competition,50,0.3,0.08
616,CAP4,2017,Carex,Carex_Phragmites,Phragmites,Competition,0,-0.9,-0.26
617,CAP4CU,2017,Carex,Carex_Phragmites,Phragmites,Without competition,1500,15.3,2.94
618,CAP4CU,2017,Carex,Carex_Phragmites,Phragmites,Without competition,1000,13.2,3.87
619,CAP4CU,2017,Carex,Carex_Phragmites,Phragmites,Without competition,500,9.7,3.37
620,CAP4CU,2017,Carex,Carex_Phragmites,Phragmites,Without competition,200,4.4,1.74
621,CAP4CU,2017,Carex,Carex_Phragmites,Phragmites,Without competition,100,1,0.47
622,CAP4CU,2017,Carex,Carex_Phragmites,Phragmites,Without competition,50,-0.5,-0.25
623,CAP4CU,2017,Carex,Carex_Phragmites,Phragmites,Without competition,0,-1.5,-0.94
624,CAP5,2017,Carex,Carex_Phragmites,Phragmites,Competition,1500,13.8,2.48
625,CAP5,2017,Carex,Carex_Phragmites,Phragmites,Competition,1000,13,3.04
626,CAP5,2017,Carex,Carex_Phragmites,Phragmites,Competition,500,10.6,2.7
627,CAP5,2017,Carex,Carex_Phragmites,Phragmites,Competition,200,5.4,1.56
628,CAP5,2017,Carex,Carex_Phragmites,Phragmites,Competition,100,2.3,0.74
629,CAP5,2017,Carex,Carex_Phragmites,Phragmites,Competition,50,0.4,0.14
630,CAP5,2017,Carex,Carex_Phragmites,Phragmites,Competition,0,-0.8,-0.32
631,CAP5CU,2017,Carex,Carex_Phragmites,Phragmites,Without competition,1500,17,3.05
632,CAP5CU,2017,Carex,Carex_Phragmites,Phragmites,Without competition,1000,16.5,4.08
633,CAP5CU,2017,Carex,Carex_Phragmites,Phragmites,Without competition,500,11.5,3.08
634,CAP5CU,2017,Carex,Carex_Phragmites,Phragmites,Without competition,200,5.1,1.41
635,CAP5CU,2017,Carex,Carex_Phragmites,Phragmites,Without competition,100,1.5,0.48
636,CAP5CU,2017,Carex,Carex_Phragmites,Phragmites,Without competition,50,-0.3,-0.1
637,CAP5CU,2017,Carex,Carex_Phragmites,Phragmites,Without competition,0,-1.3,-0.49
638,CAP6,2017,Carex,Carex_Phragmites,Phragmites,Competition,1500,11.9,2.2
639,CAP6,2017,Carex,Carex_Phragmites,Phragmites,Competition,1000,11.5,2.93
640,CAP6,2017,Carex,Carex_Phragmites,Phragmites,Competition,500,10.2,3.07
641,CAP6,2017,Carex,Carex_Phragmites,Phragmites,Competition,200,5.9,1.64
642,CAP6,2017,Carex,Carex_Phragmites,Phragmites,Competition,100,3.1,1.06
643,CAP6,2017,Carex,Carex_Phragmites,Phragmites,Competition,50,1.2,0.51
644,CAP6,2017,Carex,Carex_Phragmites,Phragmites,Competition,0,0,0
645,CAP6CU,2017,Carex,Carex_Phragmites,Phragmites,Without competition,1500,13.7,2.28
646,CAP6CU,2017,Carex,Carex_Phragmites,Phragmites,Without competition,1000,12.2,2.65
647,CAP6CU,2017,Carex,Carex_Phragmites,Phragmites,Without competition,500,9.4,2.63
648,CAP6CU,2017,Carex,Carex_Phragmites,Phragmites,Without competition,200,4.8,1.33
649,CAP6CU,2017,Carex,Carex_Phragmites,Phragmites,Without competition,100,1.4,0.42
650,CAP6CU,2017,Carex,Carex_Phragmites,Phragmites,Without competition,50,0,0
651,CAP6CU,2017,Carex,Carex_Phragmites,Phragmites,Without competition,0,-1,-0.33
652,CAP7CU,2017,Carex,Carex_Phragmites,Phragmites,Without competition,1500,13.8,2.22
653,CAP7CU,2017,Carex,Carex_Phragmites,Phragmites,Without competition,1000,12.7,2.51
654,CAP7CU,2017,Carex,Carex_Phragmites,Phragmites,Without competition,500,9.5,2.22
655,CAP7CU,2017,Carex,Carex_Phragmites,Phragmites,Without competition,200,4.3,1.02
656,CAP7CU,2017,Carex,Carex_Phragmites,Phragmites,Without competition,100,0.9,0.24
657,CAP7CU,2017,Carex,Carex_Phragmites,Phragmites,Without competition,50,-0.8,-0.25
658,CAP7CU,2017,Carex,Carex_Phragmites,Phragmites,Without competition,0,-0.6,-0.25
659,CAP9,2017,Carex,Carex_Phragmites,Phragmites,Competition,1500,13.6,2.52
660,CAP9,2017,Carex,Carex_Phragmites,Phragmites,Competition,1000,13.1,3.38
661,CAP9,2017,Carex,Carex_Phragmites,Phragmites,Competition,500,10.3,3.07
662,CAP9,2017,Carex,Carex_Phragmites,Phragmites,Competition,200,5.8,1.86
663,CAP9,2017,Carex,Carex_Phragmites,Phragmites,Competition,100,2.5,0.9
664,CAP9,2017,Carex,Carex_Phragmites,Phragmites,Competition,50,0.9,0.38
665,CAP9,2017,Carex,Carex_Phragmites,Phragmites,Competition,0,-0.2,-0.1
666,CAP9CU,2017,Carex,Carex_Phragmites,Phragmites,Without competition,1500,24.9,2.84
667,CAP9CU,2017,Carex,Carex_Phragmites,Phragmites,Without competition,1000,17.1,3.17
668,CAP9CU,2017,Carex,Carex_Phragmites,Phragmites,Without competition,500,12.5,2.87
669,CAP9CU,2017,Carex,Carex_Phragmites,Phragmites,Without competition,200,5.7,1.57
670,CAP9CU,2017,Carex,Carex_Phragmites,Phragmites,Without competition,100,1.8,0.49
671,CAP9CU,2017,Carex,Carex_Phragmites,Phragmites,Without competition,50,-0.1,-0.03
672,CAP9CU,2017,Carex,Carex_Phragmites,Phragmites,Without competition,0,-1.2,-0.43
673,CCP1,2017,Calamagrostis,Calamagrostis_Phragmites,Phragmites,Competition,1500,5.5,1.57
674,CCP1,2017,Calamagrostis,Calamagrostis_Phragmites,Phragmites,Competition,1000,5.5,2.29
675,CCP1,2017,Calamagrostis,Calamagrostis_Phragmites,Phragmites,Competition,500,5,2.66
676,CCP1,2017,Calamagrostis,Calamagrostis_Phragmites,Phragmites,Competition,200,2.8,1.39
677,CCP1,2017,Calamagrostis,Calamagrostis_Phragmites,Phragmites,Competition,100,1.5,0.92
678,CCP1,2017,Calamagrostis,Calamagrostis_Phragmites,Phragmites,Competition,50,0.8,0.82
679,CCP1,2017,Calamagrostis,Calamagrostis_Phragmites,Phragmites,Competition,0,0.4,0.36
680,CCP10,2017,Calamagrostis,Calamagrostis_Phragmites,Phragmites,Competition,1500,9.4,1.8
681,CCP10,2017,Calamagrostis,Calamagrostis_Phragmites,Phragmites,Competition,1000,8.8,2.52
682,CCP10,2017,Calamagrostis,Calamagrostis_Phragmites,Phragmites,Competition,500,7.2,2.87
683,CCP10,2017,Calamagrostis,Calamagrostis_Phragmites,Phragmites,Competition,200,3.2,1.61
684,CCP10,2017,Calamagrostis,Calamagrostis_Phragmites,Phragmites,Competition,100,1.1,0.66
685,CCP10,2017,Calamagrostis,Calamagrostis_Phragmites,Phragmites,Competition,50,0,0
686,CCP10,2017,Calamagrostis,Calamagrostis_Phragmites,Phragmites,Competition,0,-0.9,-0.67
687,CCP10CU,2017,Calamagrostis,Calamagrostis_Phragmites,Phragmites,Without competition,1500,10.9,2.71
688,CCP10CU,2017,Calamagrostis,Calamagrostis_Phragmites,Phragmites,Without competition,1000,10.7,3.69
689,CCP10CU,2017,Calamagrostis,Calamagrostis_Phragmites,Phragmites,Without competition,500,9.8,4.24
690,CCP10CU,2017,Calamagrostis,Calamagrostis_Phragmites,Phragmites,Without competition,200,5.4,2.28
691,CCP10CU,2017,Calamagrostis,Calamagrostis_Phragmites,Phragmites,Without competition,100,2.6,1.25
692,CCP10CU,2017,Calamagrostis,Calamagrostis_Phragmites,Phragmites,Without competition,50,1.7,0.93
693,CCP10CU,2017,Calamagrostis,Calamagrostis_Phragmites,Phragmites,Without competition,0,-0.5,-0.36
694,CCP11,2017,Calamagrostis,Calamagrostis_Phragmites,Phragmites,Competition,1500,9.1,2.42
695,CCP11,2017,Calamagrostis,Calamagrostis_Phragmites,Phragmites,Competition,1000,8.5,3.65
696,CCP11,2017,Calamagrostis,Calamagrostis_Phragmites,Phragmites,Competition,500,7.5,3.93
697,CCP11,2017,Calamagrostis,Calamagrostis_Phragmites,Phragmites,Competition,200,4,2.92
698,CCP11,2017,Calamagrostis,Calamagrostis_Phragmites,Phragmites,Competition,100,1.8,1.78
699,CCP11,2017,Calamagrostis,Calamagrostis_Phragmites,Phragmites,Competition,50,0.5,0.65
700,CCP11,2017,Calamagrostis,Calamagrostis_Phragmites,Phragmites,Competition,0,-0.6,-0.77
701,CCP11CU,2017,Calamagrostis,Calamagrostis_Phragmites,Phragmites,Without competition,1500,12.9,2.41
702,CCP11CU,2017,Calamagrostis,Calamagrostis_Phragmites,Phragmites,Without competition,1000,12.4,3.15
703,CCP11CU,2017,Calamagrostis,Calamagrostis_Phragmites,Phragmites,Without competition,500,10.4,3.31
704,CCP11CU,2017,Calamagrostis,Calamagrostis_Phragmites,Phragmites,Without competition,200,5.7,1.69
705,CCP11CU,2017,Calamagrostis,Calamagrostis_Phragmites,Phragmites,Without competition,100,2.7,0.88
706,CCP11CU,2017,Calamagrostis,Calamagrostis_Phragmites,Phragmites,Without competition,50,1,0.37
707,CCP11CU,2017,Calamagrostis,Calamagrostis_Phragmites,Phragmites,Without competition,0,-0.3,-0.13
708,CCP12,2017,Calamagrostis,Calamagrostis_Phragmites,Phragmites,Competition,1500,5.1,2.13
709,CCP12,2017,Calamagrostis,Calamagrostis_Phragmites,Phragmites,Competition,1000,4.5,3.46
710,CCP12,2017,Calamagrostis,Calamagrostis_Phragmites,Phragmites,Competition,500,3.8,2.73
711,CCP12,2017,Calamagrostis,Calamagrostis_Phragmites,Phragmites,Competition,200,2.8,2.28
712,CCP12,2017,Calamagrostis,Calamagrostis_Phragmites,Phragmites,Competition,100,1.3,1.25
713,CCP12,2017,Calamagrostis,Calamagrostis_Phragmites,Phragmites,Competition,50,-0.1,-0.1
714,CCP12,2017,Calamagrostis,Calamagrostis_Phragmites,Phragmites,Competition,0,-0.9,-1.3
715,CCP12CU,2017,Calamagrostis,Calamagrostis_Phragmites,Phragmites,Without competition,1500,14.3,2.19
716,CCP12CU,2017,Calamagrostis,Calamagrostis_Phragmites,Phragmites,Without competition,1000,13.5,2.9
717,CCP12CU,2017,Calamagrostis,Calamagrostis_Phragmites,Phragmites,Without competition,500,11,2.41
718,CCP12CU,2017,Calamagrostis,Calamagrostis_Phragmites,Phragmites,Without competition,200,6.1,1.4
719,CCP12CU,2017,Calamagrostis,Calamagrostis_Phragmites,Phragmites,Without competition,100,2.7,0.67
720,CCP12CU,2017,Calamagrostis,Calamagrostis_Phragmites,Phragmites,Without competition,50,1.2,0.34
721,CCP12CU,2017,Calamagrostis,Calamagrostis_Phragmites,Phragmites,Without competition,0,0,0
722,CCP1CU,2017,Calamagrostis,Calamagrostis_Phragmites,Phragmites,Without competition,1500,14.5,1.88
723,CCP1CU,2017,Calamagrostis,Calamagrostis_Phragmites,Phragmites,Without competition,1000,13,2.45
724,CCP1CU,2017,Calamagrostis,Calamagrostis_Phragmites,Phragmites,Without competition,500,10.8,2.18
725,CCP1CU,2017,Calamagrostis,Calamagrostis_Phragmites,Phragmites,Without competition,200,6.6,1.47
726,CCP1CU,2017,Calamagrostis,Calamagrostis_Phragmites,Phragmites,Without competition,100,3.6,1.17
727,CCP1CU,2017,Calamagrostis,Calamagrostis_Phragmites,Phragmites,Without competition,50,1.6,0.48
728,CCP1CU,2017,Calamagrostis,Calamagrostis_Phragmites,Phragmites,Without competition,0,0.2,0.07
729,CCP2,2017,Calamagrostis,Calamagrostis_Phragmites,Phragmites,Competition,1500,9.8,2.09
730,CCP2,2017,Calamagrostis,Calamagrostis_Phragmites,Phragmites,Competition,1000,9,2.78
731,CCP2,2017,Calamagrostis,Calamagrostis_Phragmites,Phragmites,Competition,500,7.6,2.59
732,CCP2,2017,Calamagrostis,Calamagrostis_Phragmites,Phragmites,Competition,200,4.4,1.77
733,CCP2,2017,Calamagrostis,Calamagrostis_Phragmites,Phragmites,Competition,100,1.9,0.91
734,CCP2,2017,Calamagrostis,Calamagrostis_Phragmites,Phragmites,Competition,50,0.6,0.3
735,CCP2,2017,Calamagrostis,Calamagrostis_Phragmites,Phragmites,Competition,0,-0.1,-0.06
736,CCP2CU,2017,Calamagrostis,Calamagrostis_Phragmites,Phragmites,Without competition,1500,18.4,2.41
737,CCP2CU,2017,Calamagrostis,Calamagrostis_Phragmites,Phragmites,Without competition,1000,16.8,2.84
738,CCP2CU,2017,Calamagrostis,Calamagrostis_Phragmites,Phragmites,Without competition,500,13.1,2.44
739,CCP2CU,2017,Calamagrostis,Calamagrostis_Phragmites,Phragmites,Without competition,200,5.7,1.35
740,CCP2CU,2017,Calamagrostis,Calamagrostis_Phragmites,Phragmites,Without competition,100,3.5,0.72
741,CCP2CU,2017,Calamagrostis,Calamagrostis_Phragmites,Phragmites,Without competition,50,1.5,0.33
742,CCP2CU,2017,Calamagrostis,Calamagrostis_Phragmites,Phragmites,Without competition,0,-0.1,-0.02
743,CCP3,2017,Calamagrostis,Calamagrostis_Phragmites,Phragmites,Competition,1500,12.5,1.79
744,CCP3,2017,Calamagrostis,Calamagrostis_Phragmites,Phragmites,Competition,1000,11.6,2.46
745,CCP3,2017,Calamagrostis,Calamagrostis_Phragmites,Phragmites,Competition,500,10,2.27
746,CCP3,2017,Calamagrostis,Calamagrostis_Phragmites,Phragmites,Competition,200,5.7,1.47
747,CCP3,2017,Calamagrostis,Calamagrostis_Phragmites,Phragmites,Competition,100,2.8,0.81
748,CCP3,2017,Calamagrostis,Calamagrostis_Phragmites,Phragmites,Competition,50,1.3,0.4
749,CCP3,2017,Calamagrostis,Calamagrostis_Phragmites,Phragmites,Competition,0,0,0
750,CCP3CU,2017,Calamagrostis,Calamagrostis_Phragmites,Phragmites,Without competition,1500,15.6,2.17
751,CCP3CU,2017,Calamagrostis,Calamagrostis_Phragmites,Phragmites,Without competition,1000,14.4,2.72
752,CCP3CU,2017,Calamagrostis,Calamagrostis_Phragmites,Phragmites,Without competition,500,11.6,2.76
753,CCP3CU,2017,Calamagrostis,Calamagrostis_Phragmites,Phragmites,Without competition,200,5.9,1.31
754,CCP3CU,2017,Calamagrostis,Calamagrostis_Phragmites,Phragmites,Without competition,100,3,0.83
755,CCP3CU,2017,Calamagrostis,Calamagrostis_Phragmites,Phragmites,Without competition,50,1.2,0.37
756,CCP3CU,2017,Calamagrostis,Calamagrostis_Phragmites,Phragmites,Without competition,0,-0.2,-0.07
757,CCP4,2017,Calamagrostis,Calamagrostis_Phragmites,Phragmites,Competition,1500,11.6,2.64
758,CCP4,2017,Calamagrostis,Calamagrostis_Phragmites,Phragmites,Competition,1000,10.1,3.75
759,CCP4,2017,Calamagrostis,Calamagrostis_Phragmites,Phragmites,Competition,500,8.9,3.89
760,CCP4,2017,Calamagrostis,Calamagrostis_Phragmites,Phragmites,Competition,200,5.6,2.69
761,CCP4,2017,Calamagrostis,Calamagrostis_Phragmites,Phragmites,Competition,100,2.7,1.42
762,CCP4,2017,Calamagrostis,Calamagrostis_Phragmites,Phragmites,Competition,50,1,0.78
763,CCP4,2017,Calamagrostis,Calamagrostis_Phragmites,Phragmites,Competition,0,-0.2,-0.2
764,CCP4CU,2017,Calamagrostis,Calamagrostis_Phragmites,Phragmites,Without competition,1500,14.8,2.5
765,CCP4CU,2017,Calamagrostis,Calamagrostis_Phragmites,Phragmites,Without competition,1000,13.7,3.47
766,CCP4CU,2017,Calamagrostis,Calamagrostis_Phragmites,Phragmites,Without competition,500,11.6,3.45
767,CCP4CU,2017,Calamagrostis,Calamagrostis_Phragmites,Phragmites,Without competition,200,6.3,2.08
768,CCP4CU,2017,Calamagrostis,Calamagrostis_Phragmites,Phragmites,Without competition,100,3.1,1.28
769,CCP4CU,2017,Calamagrostis,Calamagrostis_Phragmites,Phragmites,Without competition,50,1.6,0.8
770,CCP4CU,2017,Calamagrostis,Calamagrostis_Phragmites,Phragmites,Without competition,0,0,0
771,CCP5,2017,Calamagrostis,Calamagrostis_Phragmites,Phragmites,Competition,1500,11.4,1.99
772,CCP5,2017,Calamagrostis,Calamagrostis_Phragmites,Phragmites,Competition,1000,10.8,2.76
773,CCP5,2017,Calamagrostis,Calamagrostis_Phragmites,Phragmites,Competition,500,9,2.77
774,CCP5,2017,Calamagrostis,Calamagrostis_Phragmites,Phragmites,Competition,200,5.5,2.19
775,CCP5,2017,Calamagrostis,Calamagrostis_Phragmites,Phragmites,Competition,100,2.4,1.29
776,CCP5,2017,Calamagrostis,Calamagrostis_Phragmites,Phragmites,Competition,50,1.1,0.71
777,CCP5,2017,Calamagrostis,Calamagrostis_Phragmites,Phragmites,Competition,0,-0.6,-0.48
778,CCP5CU,2017,Calamagrostis,Calamagrostis_Phragmites,Phragmites,Without competition,1500,5.5,1.38
779,CCP5CU,2017,Calamagrostis,Calamagrostis_Phragmites,Phragmites,Without competition,1000,5.4,2.29
780,CCP5CU,2017,Calamagrostis,Calamagrostis_Phragmites,Phragmites,Without competition,500,5.6,2.75
781,CCP5CU,2017,Calamagrostis,Calamagrostis_Phragmites,Phragmites,Without competition,200,4.2,2.44
782,CCP5CU,2017,Calamagrostis,Calamagrostis_Phragmites,Phragmites,Without competition,100,2,1.52
783,CCP5CU,2017,Calamagrostis,Calamagrostis_Phragmites,Phragmites,Without competition,50,0.5,0.5
784,CCP5CU,2017,Calamagrostis,Calamagrostis_Phragmites,Phragmites,Without competition,0,-0.5,-0.67
785,CCP6,2017,Calamagrostis,Calamagrostis_Phragmites,Phragmites,Competition,1500,7.8,1.86
786,CCP6,2017,Calamagrostis,Calamagrostis_Phragmites,Phragmites,Competition,1000,7.8,2.79
787,CCP6,2017,Calamagrostis,Calamagrostis_Phragmites,Phragmites,Competition,500,7.4,2.75
788,CCP6,2017,Calamagrostis,Calamagrostis_Phragmites,Phragmites,Competition,200,5.1,2.04
789,CCP6,2017,Calamagrostis,Calamagrostis_Phragmites,Phragmites,Competition,100,2.6,1.16
790,CCP6,2017,Calamagrostis,Calamagrostis_Phragmites,Phragmites,Competition,50,1.2,0.58
791,CCP6,2017,Calamagrostis,Calamagrostis_Phragmites,Phragmites,Competition,0,-0.1,-0.06
792,CCP6CU,2017,Calamagrostis,Calamagrostis_Phragmites,Phragmites,Without competition,1500,16.5,2.42
793,CCP6CU,2017,Calamagrostis,Calamagrostis_Phragmites,Phragmites,Without competition,1000,15.6,3.28
794,CCP6CU,2017,Calamagrostis,Calamagrostis_Phragmites,Phragmites,Without competition,500,12.1,3.09
795,CCP6CU,2017,Calamagrostis,Calamagrostis_Phragmites,Phragmites,Without competition,200,5.9,1.9
796,CCP6CU,2017,Calamagrostis,Calamagrostis_Phragmites,Phragmites,Without competition,100,2.7,1.18
797,CCP6CU,2017,Calamagrostis,Calamagrostis_Phragmites,Phragmites,Without competition,50,0.9,0.55
798,CCP6CU,2017,Calamagrostis,Calamagrostis_Phragmites,Phragmites,Without competition,0,-0.4,-0.27
799,CCP7,2017,Calamagrostis,Calamagrostis_Phragmites,Phragmites,Competition,1500,8.1,2.03
800,CCP7,2017,Calamagrostis,Calamagrostis_Phragmites,Phragmites,Competition,1000,7.3,3.16
801,CCP7,2017,Calamagrostis,Calamagrostis_Phragmites,Phragmites,Competition,500,5.6,3.18
802,CCP7,2017,Calamagrostis,Calamagrostis_Phragmites,Phragmites,Competition,200,4,2.65
803,CCP7,2017,Calamagrostis,Calamagrostis_Phragmites,Phragmites,Competition,100,1.9,1.43
804,CCP7,2017,Calamagrostis,Calamagrostis_Phragmites,Phragmites,Competition,50,0.6,0.58
805,CCP7,2017,Calamagrostis,Calamagrostis_Phragmites,Phragmites,Competition,0,-0.3,-0.36
806,CCP7CU,2017,Calamagrostis,Calamagrostis_Phragmites,Phragmites,Without competition,1500,15.7,2.72
807,CCP7CU,2017,Calamagrostis,Calamagrostis_Phragmites,Phragmites,Without competition,1000,14.8,4.02
808,CCP7CU,2017,Calamagrostis,Calamagrostis_Phragmites,Phragmites,Without competition,500,12.2,3.45
809,CCP7CU,2017,Calamagrostis,Calamagrostis_Phragmites,Phragmites,Without competition,200,6.5,1.98
810,CCP7CU,2017,Calamagrostis,Calamagrostis_Phragmites,Phragmites,Without competition,100,3.7,1.17
811,CCP7CU,2017,Calamagrostis,Calamagrostis_Phragmites,Phragmites,Without competition,50,0.7,0.27
812,CCP7CU,2017,Calamagrostis,Calamagrostis_Phragmites,Phragmites,Without competition,0,-0.9,-0.44
813,CCP8,2017,Calamagrostis,Calamagrostis_Phragmites,Phragmites,Competition,1500,5.5,1.49
814,CCP8,2017,Calamagrostis,Calamagrostis_Phragmites,Phragmites,Competition,1000,5.4,2.51
815,CCP8,2017,Calamagrostis,Calamagrostis_Phragmites,Phragmites,Competition,500,5.1,2.45
816,CCP8,2017,Calamagrostis,Calamagrostis_Phragmites,Phragmites,Competition,200,3.8,1.84
817,CCP8,2017,Calamagrostis,Calamagrostis_Phragmites,Phragmites,Competition,100,2.3,1.5
818,CCP8,2017,Calamagrostis,Calamagrostis_Phragmites,Phragmites,Competition,50,0.7,0.46
819,CCP8,2017,Calamagrostis,Calamagrostis_Phragmites,Phragmites,Competition,0,-0.1,-0.08
820,CCP8CU,2017,Calamagrostis,Calamagrostis_Phragmites,Phragmites,Without competition,1500,16.2,2.71
821,CCP8CU,2017,Calamagrostis,Calamagrostis_Phragmites,Phragmites,Without competition,1000,14.1,4.1
822,CCP8CU,2017,Calamagrostis,Calamagrostis_Phragmites,Phragmites,Without competition,500,8.9,4.22
823,CCP8CU,2017,Calamagrostis,Calamagrostis_Phragmites,Phragmites,Without competition,200,4.3,3.64
824,CCP8CU,2017,Calamagrostis,Calamagrostis_Phragmites,Phragmites,Without competition,100,2.2,3.33
825,CCP8CU,2017,Calamagrostis,Calamagrostis_Phragmites,Phragmites,Without competition,50,0.1,0.18
826,CCP8CU,2017,Calamagrostis,Calamagrostis_Phragmites,Phragmites,Without competition,0,-1.1,-1.72
827,CCP9,2017,Calamagrostis,Calamagrostis_Phragmites,Phragmites,Competition,1500,10.7,2.03
828,CCP9,2017,Calamagrostis,Calamagrostis_Phragmites,Phragmites,Competition,1000,9.5,2.6
829,CCP9,2017,Calamagrostis,Calamagrostis_Phragmites,Phragmites,Competition,500,7.9,2.95
830,CCP9,2017,Calamagrostis,Calamagrostis_Phragmites,Phragmites,Competition,200,4.8,2.34
831,CCP9,2017,Calamagrostis,Calamagrostis_Phragmites,Phragmites,Competition,100,2.7,1.63
832,CCP9,2017,Calamagrostis,Calamagrostis_Phragmites,Phragmites,Competition,50,0.7,0.43
833,CCP9,2017,Calamagrostis,Calamagrostis_Phragmites,Phragmites,Competition,0,-0.4,-0.29
834,CCP9CU,2017,Calamagrostis,Calamagrostis_Phragmites,Phragmites,Without competition,1500,13.7,2.34
835,CCP9CU,2017,Calamagrostis,Calamagrostis_Phragmites,Phragmites,Without competition,1000,13.3,3.24
836,CCP9CU,2017,Calamagrostis,Calamagrostis_Phragmites,Phragmites,Without competition,500,11.4,2.94
837,CCP9CU,2017,Calamagrostis,Calamagrostis_Phragmites,Phragmites,Without competition,200,5.7,2.02
838,CCP9CU,2017,Calamagrostis,Calamagrostis_Phragmites,Phragmites,Without competition,100,2.2,1.01
839,CCP9CU,2017,Calamagrostis,Calamagrostis_Phragmites,Phragmites,Without competition,50,0.3,0.17
840,CCP9CU,2017,Calamagrostis,Calamagrostis_Phragmites,Phragmites,Without competition,0,-0.9,-0.69
841,PCA1,2017,Phragmites,Phragmites_Carex,Carex,Competition,1500,18.9,3.29
842,PCA1,2017,Phragmites,Phragmites_Carex,Carex,Competition,1000,17.2,4.05
843,PCA1,2017,Phragmites,Phragmites_Carex,Carex,Competition,500,12.8,3.32
844,PCA1,2017,Phragmites,Phragmites_Carex,Carex,Competition,200,4.9,1.46
845,PCA1,2017,Phragmites,Phragmites_Carex,Carex,Competition,100,1.1,0.39
846,PCA1,2017,Phragmites,Phragmites_Carex,Carex,Competition,50,-0.8,-0.32
847,PCA1,2017,Phragmites,Phragmites_Carex,Carex,Competition,0,-2,-1
848,PCA1CU,2017,Phragmites,Phragmites_Carex,Carex,Without competition,1500,14.7,2.63
849,PCA1CU,2017,Phragmites,Phragmites_Carex,Carex,Without competition,1000,13,3.47
850,PCA1CU,2017,Phragmites,Phragmites_Carex,Carex,Without competition,500,9.8,3.07
851,PCA1CU,2017,Phragmites,Phragmites_Carex,Carex,Without competition,200,3.9,1.46
852,PCA1CU,2017,Phragmites,Phragmites_Carex,Carex,Without competition,100,0.7,0.3
853,PCA1CU,2017,Phragmites,Phragmites_Carex,Carex,Without competition,50,-1.3,-0.68
854,PCA1CU,2017,Phragmites,Phragmites_Carex,Carex,Without competition,0,-2.3,-1.61
855,PCA2,2017,Phragmites,Phragmites_Carex,Carex,Competition,1500,13,2.81
856,PCA2,2017,Phragmites,Phragmites_Carex,Carex,Competition,1000,12.5,3.46
857,PCA2,2017,Phragmites,Phragmites_Carex,Carex,Competition,500,10.3,3.41
858,PCA2,2017,Phragmites,Phragmites_Carex,Carex,Competition,200,5.2,1.92
859,PCA2,2017,Phragmites,Phragmites_Carex,Carex,Competition,100,1.6,0.7
860,PCA2,2017,Phragmites,Phragmites_Carex,Carex,Competition,50,-0.1,-0.05
861,PCA2,2017,Phragmites,Phragmites_Carex,Carex,Competition,0,-1.3,-0.87
862,PCA2CU,2017,Phragmites,Phragmites_Carex,Carex,Without competition,1500,19.7,3.09
863,PCA2CU,2017,Phragmites,Phragmites_Carex,Carex,Without competition,1000,17.8,3.81
864,PCA2CU,2017,Phragmites,Phragmites_Carex,Carex,Without competition,500,13.5,2.91
865,PCA2CU,2017,Phragmites,Phragmites_Carex,Carex,Without competition,200,5.7,1.37
866,PCA2CU,2017,Phragmites,Phragmites_Carex,Carex,Without competition,100,1.9,0.5
867,PCA2CU,2017,Phragmites,Phragmites_Carex,Carex,Without competition,50,0,0
868,PCA2CU,2017,Phragmites,Phragmites_Carex,Carex,Without competition,0,-1.4,-0.52
869,PCA3,2017,Phragmites,Phragmites_Carex,Carex,Competition,1500,16.4,2.28
870,PCA3,2017,Phragmites,Phragmites_Carex,Carex,Competition,1000,15,2.9
871,PCA3,2017,Phragmites,Phragmites_Carex,Carex,Competition,500,11.5,2.4
872,PCA3,2017,Phragmites,Phragmites_Carex,Carex,Competition,200,5.1,1.15
873,PCA3,2017,Phragmites,Phragmites_Carex,Carex,Competition,100,1.8,0.45
874,PCA3,2017,Phragmites,Phragmites_Carex,Carex,Competition,50,-0.2,-0.06
875,PCA3,2017,Phragmites,Phragmites_Carex,Carex,Competition,0,-1.2,-0.5
876,PCA3CU,2017,Phragmites,Phragmites_Carex,Carex,Without competition,1500,18.1,3.01
877,PCA3CU,2017,Phragmites,Phragmites_Carex,Carex,Without competition,1000,15.5,3.5
878,PCA3CU,2017,Phragmites,Phragmites_Carex,Carex,Without competition,500,12.2,3.04
879,PCA3CU,2017,Phragmites,Phragmites_Carex,Carex,Without competition,200,6.1,1.64
880,PCA3CU,2017,Phragmites,Phragmites_Carex,Carex,Without competition,100,2.1,0.65
881,PCA3CU,2017,Phragmites,Phragmites_Carex,Carex,Without competition,50,0.3,0.12
882,PCA3CU,2017,Phragmites,Phragmites_Carex,Carex,Without competition,0,-0.7,-0.41
883,PCA4,2017,Phragmites,Phragmites_Carex,Carex,Competition,1500,19.9,3.02
884,PCA4,2017,Phragmites,Phragmites_Carex,Carex,Competition,1000,18.2,3.77
885,PCA4,2017,Phragmites,Phragmites_Carex,Carex,Competition,500,14.1,3.13
886,PCA4,2017,Phragmites,Phragmites_Carex,Carex,Competition,200,7,1.69
887,PCA4,2017,Phragmites,Phragmites_Carex,Carex,Competition,100,2.9,0.78
888,PCA4,2017,Phragmites,Phragmites_Carex,Carex,Competition,50,1.1,0.33
889,PCA4,2017,Phragmites,Phragmites_Carex,Carex,Competition,0,-0.2,-0.07
890,PCA4CU,2017,Phragmites,Phragmites_Carex,Carex,Without competition,1500,25.9,2.23
891,PCA4CU,2017,Phragmites,Phragmites_Carex,Carex,Without competition,1000,22.7,2.7
892,PCA4CU,2017,Phragmites,Phragmites_Carex,Carex,Without competition,500,15.7,1.94
893,PCA4CU,2017,Phragmites,Phragmites_Carex,Carex,Without competition,200,6.7,0.87
894,PCA4CU,2017,Phragmites,Phragmites_Carex,Carex,Without competition,100,3.1,0.42
895,PCA4CU,2017,Phragmites,Phragmites_Carex,Carex,Without competition,50,1,0.16
896,PCA4CU,2017,Phragmites,Phragmites_Carex,Carex,Without competition,0,-0.6,-0.13
897,PCA5,2017,Phragmites,Phragmites_Carex,Carex,Competition,1500,21,3.03
898,PCA5,2017,Phragmites,Phragmites_Carex,Carex,Competition,1000,19,3.78
899,PCA5,2017,Phragmites,Phragmites_Carex,Carex,Competition,500,14.4,2.99
900,PCA5,2017,Phragmites,Phragmites_Carex,Carex,Competition,200,6.7,1.52
901,PCA5,2017,Phragmites,Phragmites_Carex,Carex,Competition,100,2.6,0.66
902,PCA5,2017,Phragmites,Phragmites_Carex,Carex,Competition,50,0.6,0.17
903,PCA5,2017,Phragmites,Phragmites_Carex,Carex,Competition,0,-0.8,-0.26
904,PCA5CU,2017,Phragmites,Phragmites_Carex,Carex,Without competition,1500,15.6,3.28
905,PCA5CU,2017,Phragmites,Phragmites_Carex,Carex,Without competition,1000,14.4,4.25
906,PCA5CU,2017,Phragmites,Phragmites_Carex,Carex,Without competition,500,11,3.59
907,PCA5CU,2017,Phragmites,Phragmites_Carex,Carex,Without competition,200,5.5,2.12
908,PCA5CU,2017,Phragmites,Phragmites_Carex,Carex,Without competition,100,1.7,1.06
909,PCA5CU,2017,Phragmites,Phragmites_Carex,Carex,Without competition,50,0,0
910,PCA5CU,2017,Phragmites,Phragmites_Carex,Carex,Without competition,0,-1.2,-1.33
911,PCA6,2017,Phragmites,Phragmites_Carex,Carex,Competition,1500,22.3,2.83
912,PCA6,2017,Phragmites,Phragmites_Carex,Carex,Competition,1000,19.6,3.26
913,PCA6,2017,Phragmites,Phragmites_Carex,Carex,Competition,500,15.3,2.58
914,PCA6,2017,Phragmites,Phragmites_Carex,Carex,Competition,200,8.3,1.49
915,PCA6,2017,Phragmites,Phragmites_Carex,Carex,Competition,100,4,0.76
916,PCA6,2017,Phragmites,Phragmites_Carex,Carex,Competition,50,2.8,0.58
917,PCA6,2017,Phragmites,Phragmites_Carex,Carex,Competition,0,1.7,0.39
918,PCA6CU,2017,Phragmites,Phragmites_Carex,Carex,Without competition,1500,23.1,2.94
919,PCA6CU,2017,Phragmites,Phragmites_Carex,Carex,Without competition,1000,24.3,3.77
920,PCA6CU,2017,Phragmites,Phragmites_Carex,Carex,Without competition,500,14.3,2.76
921,PCA6CU,2017,Phragmites,Phragmites_Carex,Carex,Without competition,200,6.1,1.33
922,PCA6CU,2017,Phragmites,Phragmites_Carex,Carex,Without competition,100,1.7,0.43
923,PCA6CU,2017,Phragmites,Phragmites_Carex,Carex,Without competition,50,0,0
924,PCA6CU,2017,Phragmites,Phragmites_Carex,Carex,Without competition,0,-1.6,-0.57
925,PCC1,2017,Phragmites,Phragmites_Calamagrostis,Calamagrostis,Competition,1500,26.3,3.01
926,PCC1,2017,Phragmites,Phragmites_Calamagrostis,Calamagrostis,Competition,1000,23.4,4.02
927,PCC1,2017,Phragmites,Phragmites_Calamagrostis,Calamagrostis,Competition,500,16.2,2.99
928,PCC1,2017,Phragmites,Phragmites_Calamagrostis,Calamagrostis,Competition,200,7.5,1.58
929,PCC1,2017,Phragmites,Phragmites_Calamagrostis,Calamagrostis,Competition,100,2.7,0.64
930,PCC1,2017,Phragmites,Phragmites_Calamagrostis,Calamagrostis,Competition,50,1,0.32
931,PCC1,2017,Phragmites,Phragmites_Calamagrostis,Calamagrostis,Competition,0,-1.5,-0.98
932,PCC1CU,2017,Phragmites,Phragmites_Calamagrostis,Calamagrostis,Without competition,1500,16.3,3.08
933,PCC1CU,2017,Phragmites,Phragmites_Calamagrostis,Calamagrostis,Without competition,1000,15.7,3.97
934,PCC1CU,2017,Phragmites,Phragmites_Calamagrostis,Calamagrostis,Without competition,500,11.1,3.26
935,PCC1CU,2017,Phragmites,Phragmites_Calamagrostis,Calamagrostis,Without competition,200,4.8,1.76
936,PCC1CU,2017,Phragmites,Phragmites_Calamagrostis,Calamagrostis,Without competition,100,1.3,0.57
937,PCC1CU,2017,Phragmites,Phragmites_Calamagrostis,Calamagrostis,Without competition,50,-0.6,-0.32
938,PCC1CU,2017,Phragmites,Phragmites_Calamagrostis,Calamagrostis,Without competition,0,-1.9,-1.15
939,PCC2,2017,Phragmites,Phragmites_Calamagrostis,Calamagrostis,Competition,1500,17.7,3.21
940,PCC2,2017,Phragmites,Phragmites_Calamagrostis,Calamagrostis,Competition,1000,15.2,4.37
941,PCC2,2017,Phragmites,Phragmites_Calamagrostis,Calamagrostis,Competition,500,11.7,3.62
942,PCC2,2017,Phragmites,Phragmites_Calamagrostis,Calamagrostis,Competition,200,5.6,1.94
943,PCC2,2017,Phragmites,Phragmites_Calamagrostis,Calamagrostis,Competition,100,1.9,0.84
944,PCC2,2017,Phragmites,Phragmites_Calamagrostis,Calamagrostis,Competition,50,0.7,0.39
945,PCC2,2017,Phragmites,Phragmites_Calamagrostis,Calamagrostis,Competition,0,-0.7,-0.71
946,PCC2CU,2017,Phragmites,Phragmites_Calamagrostis,Calamagrostis,Without competition,1500,16,3.56
947,PCC2CU,2017,Phragmites,Phragmites_Calamagrostis,Calamagrostis,Without competition,1000,13.9,4.38
948,PCC2CU,2017,Phragmites,Phragmites_Calamagrostis,Calamagrostis,Without competition,500,10.2,4.05
949,PCC2CU,2017,Phragmites,Phragmites_Calamagrostis,Calamagrostis,Without competition,200,5.1,2.58
950,PCC2CU,2017,Phragmites,Phragmites_Calamagrostis,Calamagrostis,Without competition,100,2.2,1.62
951,PCC2CU,2017,Phragmites,Phragmites_Calamagrostis,Calamagrostis,Without competition,50,0.4,0.37
952,PCC2CU,2017,Phragmites,Phragmites_Calamagrostis,Calamagrostis,Without competition,0,-0.4,-0.54
953,PCC3,2017,Phragmites,Phragmites_Calamagrostis,Calamagrostis,Competition,1500,19.2,2.99
954,PCC3,2017,Phragmites,Phragmites_Calamagrostis,Calamagrostis,Competition,1000,17.3,3.92
955,PCC3,2017,Phragmites,Phragmites_Calamagrostis,Calamagrostis,Competition,500,12.7,3.47
956,PCC3,2017,Phragmites,Phragmites_Calamagrostis,Calamagrostis,Competition,200,6.3,1.98
957,PCC3,2017,Phragmites,Phragmites_Calamagrostis,Calamagrostis,Competition,100,2.3,0.93
958,PCC3,2017,Phragmites,Phragmites_Calamagrostis,Calamagrostis,Competition,50,0.4,0.21
959,PCC3,2017,Phragmites,Phragmites_Calamagrostis,Calamagrostis,Competition,0,-0.4,-0.69
960,PCC3CU,2017,Phragmites,Phragmites_Calamagrostis,Calamagrostis,Without competition,1500,15.4,3.02
961,PCC3CU,2017,Phragmites,Phragmites_Calamagrostis,Calamagrostis,Without competition,1000,13.1,3.76
962,PCC3CU,2017,Phragmites,Phragmites_Calamagrostis,Calamagrostis,Without competition,500,10.9,3.66
963,PCC3CU,2017,Phragmites,Phragmites_Calamagrostis,Calamagrostis,Without competition,200,6.1,2.18
964,PCC3CU,2017,Phragmites,Phragmites_Calamagrostis,Calamagrostis,Without competition,100,2.9,1.16
965,PCC3CU,2017,Phragmites,Phragmites_Calamagrostis,Calamagrostis,Without competition,50,1.1,0.53
966,PCC3CU,2017,Phragmites,Phragmites_Calamagrostis,Calamagrostis,Without competition,0,-0.2,-0.12
967,PCC4,2017,Phragmites,Phragmites_Calamagrostis,Calamagrostis,Competition,1500,21.2,2.62
968,PCC4,2017,Phragmites,Phragmites_Calamagrostis,Calamagrostis,Competition,1000,18,3.2
969,PCC4,2017,Phragmites,Phragmites_Calamagrostis,Calamagrostis,Competition,500,12.9,3.31
970,PCC4,2017,Phragmites,Phragmites_Calamagrostis,Calamagrostis,Competition,200,6.2,2.16
971,PCC4,2017,Phragmites,Phragmites_Calamagrostis,Calamagrostis,Competition,100,1.5,0.75
972,PCC4,2017,Phragmites,Phragmites_Calamagrostis,Calamagrostis,Competition,50,-0.1,-0.07
973,PCC4,2017,Phragmites,Phragmites_Calamagrostis,Calamagrostis,Competition,0,-0.4,-1.14
974,PCC4CU,2017,Phragmites,Phragmites_Calamagrostis,Calamagrostis,Without competition,1500,16.9,2.79
975,PCC4CU,2017,Phragmites,Phragmites_Calamagrostis,Calamagrostis,Without competition,1000,13.9,3.59
976,PCC4CU,2017,Phragmites,Phragmites_Calamagrostis,Calamagrostis,Without competition,500,10.3,3.03
977,PCC4CU,2017,Phragmites,Phragmites_Calamagrostis,Calamagrostis,Without competition,200,3.7,1.55
978,PCC4CU,2017,Phragmites,Phragmites_Calamagrostis,Calamagrostis,Without competition,100,0,0
979,PCC4CU,2017,Phragmites,Phragmites_Calamagrostis,Calamagrostis,Without competition,50,-1.5,-1.23
980,PCC4CU,2017,Phragmites,Phragmites_Calamagrostis,Calamagrostis,Without competition,0,-3,-2.54
981,PCC5,2017,Phragmites,Phragmites_Calamagrostis,Calamagrostis,Competition,1500,15.75,2.24
982,PCC5,2017,Phragmites,Phragmites_Calamagrostis,Calamagrostis,Competition,1000,14.45,2.835
983,PCC5,2017,Phragmites,Phragmites_Calamagrostis,Calamagrostis,Competition,500,11.45,2.575
984,PCC5,2017,Phragmites,Phragmites_Calamagrostis,Calamagrostis,Competition,200,5.75,1.335
985,PCC5,2017,Phragmites,Phragmites_Calamagrostis,Calamagrostis,Competition,100,1.75,0.435
986,PCC5,2017,Phragmites,Phragmites_Calamagrostis,Calamagrostis,Competition,50,0.2,0.055
987,PCC5,2017,Phragmites,Phragmites_Calamagrostis,Calamagrostis,Competition,0,-0.85,-0.31
988,PCC5CU,2017,Phragmites,Phragmites_Calamagrostis,Calamagrostis,Without competition,1500,17.7,2.48
989,PCC5CU,2017,Phragmites,Phragmites_Calamagrostis,Calamagrostis,Without competition,1000,15.8,3.05
990,PCC5CU,2017,Phragmites,Phragmites_Calamagrostis,Calamagrostis,Without competition,500,12.1,3.03
991,PCC5CU,2017,Phragmites,Phragmites_Calamagrostis,Calamagrostis,Without competition,200,4.7,1.18
992,PCC5CU,2017,Phragmites,Phragmites_Calamagrostis,Calamagrostis,Without competition,100,1.5,0.43
993,PCC5CU,2017,Phragmites,Phragmites_Calamagrostis,Calamagrostis,Without competition,50,-0.3,-0.1
994,PCC5CU,2017,Phragmites,Phragmites_Calamagrostis,Calamagrostis,Without competition,0,-1.9,-0.72
995,PCC6,2017,Phragmites,Phragmites_Calamagrostis,Calamagrostis,Competition,1500,15.2,2.84
996,PCC6,2017,Phragmites,Phragmites_Calamagrostis,Calamagrostis,Competition,1000,13.95,4.105
997,PCC6,2017,Phragmites,Phragmites_Calamagrostis,Calamagrostis,Competition,500,10.55,3.575
998,PCC6,2017,Phragmites,Phragmites_Calamagrostis,Calamagrostis,Competition,200,5.5,2.51
999,PCC6,2017,Phragmites,Phragmites_Calamagrostis,Calamagrostis,Competition,100,2.4,1.58
1000,PCC6,2017,Phragmites,Phragmites_Calamagrostis,Calamagrostis,Competition,50,0.4,0.68
1001,PCC6,2017,Phragmites,Phragmites_Calamagrostis,Calamagrostis,Competition,0,-1.45,-0.875
1002,PCC6CU,2017,Phragmites,Phragmites_Calamagrostis,Calamagrostis,Without competition,1500,17.45,2.51
1003,PCC6CU,2017,Phragmites,Phragmites_Calamagrostis,Calamagrostis,Without competition,1000,15.7,3.025
1004,PCC6CU,2017,Phragmites,Phragmites_Calamagrostis,Calamagrostis,Without competition,500,12,2.57
1005,PCC6CU,2017,Phragmites,Phragmites_Calamagrostis,Calamagrostis,Without competition,200,5.75,1.35
1006,PCC6CU,2017,Phragmites,Phragmites_Calamagrostis,Calamagrostis,Without competition,100,2.3,0.6
1007,PCC6CU,2017,Phragmites,Phragmites_Calamagrostis,Calamagrostis,Without competition,50,0.55,0.15
1008,PCC6CU,2017,Phragmites,Phragmites_Calamagrostis,Calamagrostis,Without competition,0,-0.55,-0.185
1009,PTY1,2017,Phragmites,Phragmites_Typha,Typha,Competition,1500,12.2,2.26
1010,PTY1,2017,Phragmites,Phragmites_Typha,Typha,Competition,1000,12.1,2.65
1011,PTY1,2017,Phragmites,Phragmites_Typha,Typha,Competition,500,10.9,2.63
1012,PTY1,2017,Phragmites,Phragmites_Typha,Typha,Competition,200,7.1,1.97
1013,PTY1,2017,Phragmites,Phragmites_Typha,Typha,Competition,100,3.9,1.22
1014,PTY1,2017,Phragmites,Phragmites_Typha,Typha,Competition,50,2.7,0.92
1015,PTY1,2017,Phragmites,Phragmites_Typha,Typha,Competition,0,0.6,0.24
1016,PTY1CU,2017,Phragmites,Phragmites_Typha,Typha,Without competition,1500,16.1,3.49
1017,PTY1CU,2017,Phragmites,Phragmites_Typha,Typha,Without competition,1000,15,5.02
1018,PTY1CU,2017,Phragmites,Phragmites_Typha,Typha,Without competition,500,11.9,4.25
1019,PTY1CU,2017,Phragmites,Phragmites_Typha,Typha,Without competition,200,5.9,2.38
1020,PTY1CU,2017,Phragmites,Phragmites_Typha,Typha,Without competition,100,2.2,1.11
1021,PTY1CU,2017,Phragmites,Phragmites_Typha,Typha,Without competition,50,0.4,0.25
1022,PTY1CU,2017,Phragmites,Phragmites_Typha,Typha,Without competition,0,-0.8,-0.57
1023,PTY2,2017,Phragmites,Phragmites_Typha,Typha,Competition,1500,24,2.7
1024,PTY2,2017,Phragmites,Phragmites_Typha,Typha,Competition,1000,21.4,3
1025,PTY2,2017,Phragmites,Phragmites_Typha,Typha,Competition,500,16.7,2.67
1026,PTY2,2017,Phragmites,Phragmites_Typha,Typha,Competition,200,9.1,1.63
1027,PTY2,2017,Phragmites,Phragmites_Typha,Typha,Competition,100,3.8,0.75
1028,PTY2,2017,Phragmites,Phragmites_Typha,Typha,Competition,50,1.7,0.4
1029,PTY2,2017,Phragmites,Phragmites_Typha,Typha,Competition,0,0.9,0.28
1030,PTY2CU,2017,Phragmites,Phragmites_Typha,Typha,Without competition,1500,23.1,2.49
1031,PTY2CU,2017,Phragmites,Phragmites_Typha,Typha,Without competition,1000,19.8,2.82
1032,PTY2CU,2017,Phragmites,Phragmites_Typha,Typha,Without competition,500,14.2,2.54
1033,PTY2CU,2017,Phragmites,Phragmites_Typha,Typha,Without competition,200,5.8,1.12
1034,PTY2CU,2017,Phragmites,Phragmites_Typha,Typha,Without competition,100,2.2,0.55
1035,PTY2CU,2017,Phragmites,Phragmites_Typha,Typha,Without competition,50,0.4,0.13
1036,PTY2CU,2017,Phragmites,Phragmites_Typha,Typha,Without competition,0,-1,-0.39
1037,PTY3,2017,Phragmites,Phragmites_Typha,Typha,Competition,1500,21.9,2.88
1038,PTY3,2017,Phragmites,Phragmites_Typha,Typha,Competition,1000,19.9,3.08
1039,PTY3,2017,Phragmites,Phragmites_Typha,Typha,Competition,500,14.4,2.84
1040,PTY3,2017,Phragmites,Phragmites_Typha,Typha,Competition,200,8.2,1.86
1041,PTY3,2017,Phragmites,Phragmites_Typha,Typha,Competition,100,3.5,0.93
1042,PTY3,2017,Phragmites,Phragmites_Typha,Typha,Competition,50,1.4,0.43
1043,PTY3,2017,Phragmites,Phragmites_Typha,Typha,Competition,0,0,0
1044,PTY4,2017,Phragmites,Phragmites_Typha,Typha,Competition,1500,22,2.84
1045,PTY4,2017,Phragmites,Phragmites_Typha,Typha,Competition,1000,19.5,3.26
1046,PTY4,2017,Phragmites,Phragmites_Typha,Typha,Competition,500,13.7,2.91
1047,PTY4,2017,Phragmites,Phragmites_Typha,Typha,Competition,200,6.5,1.54
1048,PTY4,2017,Phragmites,Phragmites_Typha,Typha,Competition,100,2.3,0.64
1049,PTY4,2017,Phragmites,Phragmites_Typha,Typha,Competition,50,0.2,0.06
1050,PTY4,2017,Phragmites,Phragmites_Typha,Typha,Competition,0,-1.1,-0.38
1051,PTY4CU,2017,Phragmites,Phragmites_Typha,Typha,Without competition,1500,28.7,3.22
1052,PTY4CU,2017,Phragmites,Phragmites_Typha,Typha,Without competition,1000,25.8,3.74
1053,PTY4CU,2017,Phragmites,Phragmites_Typha,Typha,Without competition,500,21.6,3.03
1054,PTY4CU,2017,Phragmites,Phragmites_Typha,Typha,Without competition,200,9,1.59
1055,PTY4CU,2017,Phragmites,Phragmites_Typha,Typha,Without competition,100,6.2,1.18
1056,PTY4CU,2017,Phragmites,Phragmites_Typha,Typha,Without competition,50,2.1,0.46
1057,PTY4CU,2017,Phragmites,Phragmites_Typha,Typha,Without competition,0,0.8,0.2
1058,PTY5,2017,Phragmites,Phragmites_Typha,Typha,Competition,1500,21.9,2.52
1059,PTY5,2017,Phragmites,Phragmites_Typha,Typha,Competition,1000,18.6,3
1060,PTY5,2017,Phragmites,Phragmites_Typha,Typha,Competition,500,13.4,2.82
1061,PTY5,2017,Phragmites,Phragmites_Typha,Typha,Competition,200,6.8,1.47
1062,PTY5,2017,Phragmites,Phragmites_Typha,Typha,Competition,100,3.1,0.72
1063,PTY5,2017,Phragmites,Phragmites_Typha,Typha,Competition,50,1,0.27
1064,PTY5,2017,Phragmites,Phragmites_Typha,Typha,Competition,0,-0.2,-0.06
1065,PTY6,2017,Phragmites,Phragmites_Typha,Typha,Competition,1500,23.1,3.15
1066,PTY6,2017,Phragmites,Phragmites_Typha,Typha,Competition,1000,20.4,3.66
1067,PTY6,2017,Phragmites,Phragmites_Typha,Typha,Competition,500,14.6,3.56
1068,PTY6,2017,Phragmites,Phragmites_Typha,Typha,Competition,200,6.1,1.65
1069,PTY6,2017,Phragmites,Phragmites_Typha,Typha,Competition,100,2,0.66
1070,PTY6,2017,Phragmites,Phragmites_Typha,Typha,Competition,50,0,0
1071,PTY6,2017,Phragmites,Phragmites_Typha,Typha,Competition,0,-1.3,-0.64
1072,PTY6CU,2017,Phragmites,Phragmites_Typha,Typha,Without competition,1500,26,3.09
1073,PTY6CU,2017,Phragmites,Phragmites_Typha,Typha,Without competition,1000,23.1,3.41
1074,PTY6CU,2017,Phragmites,Phragmites_Typha,Typha,Without competition,500,16.6,2.76
1075,PTY6CU,2017,Phragmites,Phragmites_Typha,Typha,Without competition,200,7.8,1.47
1076,PTY6CU,2017,Phragmites,Phragmites_Typha,Typha,Without competition,100,3.1,0.54
1077,PTY6CU,2017,Phragmites,Phragmites_Typha,Typha,Without competition,50,0.7,0.14
1078,PTY6CU,2017,Phragmites,Phragmites_Typha,Typha,Without competition,0,-1.1,-0.26
1079,TYP1,2017,Typha,Typha_Phragmites,Phragmites,Competition,1500,7.8,1.88
1080,TYP1,2017,Typha,Typha_Phragmites,Phragmites,Competition,1000,8.4,2.89
1081,TYP1,2017,Typha,Typha_Phragmites,Phragmites,Competition,500,6.3,1.93
1082,TYP1,2017,Typha,Typha_Phragmites,Phragmites,Competition,200,4,1.3
1083,TYP1,2017,Typha,Typha_Phragmites,Phragmites,Competition,100,1.1,0.37
1084,TYP1,2017,Typha,Typha_Phragmites,Phragmites,Competition,50,-0.5,-0.18
1085,TYP1,2017,Typha,Typha_Phragmites,Phragmites,Competition,0,-2.4,-0.9
1086,TYP1CU,2017,Typha,Typha_Phragmites,Phragmites,Without competition,1500,6.7,1.47
1087,TYP1CU,2017,Typha,Typha_Phragmites,Phragmites,Without competition,1000,5.7,1.64
1088,TYP1CU,2017,Typha,Typha_Phragmites,Phragmites,Without competition,500,3.9,1.28
1089,TYP1CU,2017,Typha,Typha_Phragmites,Phragmites,Without competition,200,1.9,0.77
1090,TYP1CU,2017,Typha,Typha_Phragmites,Phragmites,Without competition,100,0.3,0.15
1091,TYP1CU,2017,Typha,Typha_Phragmites,Phragmites,Without competition,50,-1.1,-0.62
1092,TYP1CU,2017,Typha,Typha_Phragmites,Phragmites,Without competition,0,-2.7,-1.66
1093,TYP2,2017,Typha,Typha_Phragmites,Phragmites,Competition,1500,13.3,1.61
1094,TYP2,2017,Typha,Typha_Phragmites,Phragmites,Competition,1000,14.7,2.39
1095,TYP2,2017,Typha,Typha_Phragmites,Phragmites,Competition,500,12.1,2.01
1096,TYP2,2017,Typha,Typha_Phragmites,Phragmites,Competition,200,5.7,1.01
1097,TYP2,2017,Typha,Typha_Phragmites,Phragmites,Competition,100,1.8,0.33
1098,TYP2,2017,Typha,Typha_Phragmites,Phragmites,Competition,50,-0.1,-0.02
1099,TYP2,2017,Typha,Typha_Phragmites,Phragmites,Competition,0,-1.6,-0.32
1100,TYP2CU,2017,Typha,Typha_Phragmites,Phragmites,Without competition,1500,18.9,1.87
1101,TYP2CU,2017,Typha,Typha_Phragmites,Phragmites,Without competition,1000,19,2.44
1102,TYP2CU,2017,Typha,Typha_Phragmites,Phragmites,Without competition,500,14.6,2
1103,TYP2CU,2017,Typha,Typha_Phragmites,Phragmites,Without competition,200,4.6,0.67
1104,TYP2CU,2017,Typha,Typha_Phragmites,Phragmites,Without competition,100,1.8,0.32
1105,TYP2CU,2017,Typha,Typha_Phragmites,Phragmites,Without competition,50,-0.7,-0.13
1106,TYP2CU,2017,Typha,Typha_Phragmites,Phragmites,Without competition,0,-1.9,-0.4
1107,TYP3,2017,Typha,Typha_Phragmites,Phragmites,Competition,1500,17.7,2.14
1108,TYP3,2017,Typha,Typha_Phragmites,Phragmites,Competition,1000,16.2,2.6
1109,TYP3,2017,Typha,Typha_Phragmites,Phragmites,Competition,500,13.1,2.18
1110,TYP3,2017,Typha,Typha_Phragmites,Phragmites,Competition,200,6,1.08
1111,TYP3,2017,Typha,Typha_Phragmites,Phragmites,Competition,100,2.1,0.42
1112,TYP3,2017,Typha,Typha_Phragmites,Phragmites,Competition,50,-0.3,-0.07
1113,TYP3,2017,Typha,Typha_Phragmites,Phragmites,Competition,0,-1.5,-0.41
1114,TYP3CU,2017,Typha,Typha_Phragmites,Phragmites,Without competition,1500,20.7,1.9
1115,TYP3CU,2017,Typha,Typha_Phragmites,Phragmites,Without competition,1000,20.7,2.35
1116,TYP3CU,2017,Typha,Typha_Phragmites,Phragmites,Without competition,500,14.9,1.95
1117,TYP3CU,2017,Typha,Typha_Phragmites,Phragmites,Without competition,200,6.7,0.98
1118,TYP3CU,2017,Typha,Typha_Phragmites,Phragmites,Without competition,100,2.4,0.37
1119,TYP3CU,2017,Typha,Typha_Phragmites,Phragmites,Without competition,50,0.6,0.1
1120,TYP3CU,2017,Typha,Typha_Phragmites,Phragmites,Without competition,0,-0.4,-0.07
1121,TYP4,2017,Typha,Typha_Phragmites,Phragmites,Competition,1500,21.3,2.45
1122,TYP4,2017,Typha,Typha_Phragmites,Phragmites,Competition,1000,20.5,3.09
1123,TYP4,2017,Typha,Typha_Phragmites,Phragmites,Competition,500,15.6,2.45
1124,TYP4,2017,Typha,Typha_Phragmites,Phragmites,Competition,200,6.7,1.14
1125,TYP4,2017,Typha,Typha_Phragmites,Phragmites,Competition,100,2.4,0.44
1126,TYP4,2017,Typha,Typha_Phragmites,Phragmites,Competition,50,0,0
1127,TYP4,2017,Typha,Typha_Phragmites,Phragmites,Competition,0,-1.4,-0.3
1128,TYP4CU,2017,Typha,Typha_Phragmites,Phragmites,Without competition,1500,23.8,2.07
1129,TYP4CU,2017,Typha,Typha_Phragmites,Phragmites,Without competition,1000,22,2.63
1130,TYP4CU,2017,Typha,Typha_Phragmites,Phragmites,Without competition,500,16.4,1.97
1131,TYP4CU,2017,Typha,Typha_Phragmites,Phragmites,Without competition,200,6.3,0.8
1132,TYP4CU,2017,Typha,Typha_Phragmites,Phragmites,Without competition,100,1.5,0.2
1133,TYP4CU,2017,Typha,Typha_Phragmites,Phragmites,Without competition,50,-0.1,-0.01
1134,TYP4CU,2017,Typha,Typha_Phragmites,Phragmites,Without competition,0,-1.2,-0.18
1135,TYP5,2017,Typha,Typha_Phragmites,Phragmites,Competition,1500,22.6,1.91
1136,TYP5,2017,Typha,Typha_Phragmites,Phragmites,Competition,1000,21.5,2.25
1137,TYP5,2017,Typha,Typha_Phragmites,Phragmites,Competition,500,16.4,1.85
1138,TYP5,2017,Typha,Typha_Phragmites,Phragmites,Competition,200,7,0.83
1139,TYP5,2017,Typha,Typha_Phragmites,Phragmites,Competition,100,2.6,0.33
1140,TYP5,2017,Typha,Typha_Phragmites,Phragmites,Competition,50,0.2,0.03
1141,TYP5,2017,Typha,Typha_Phragmites,Phragmites,Competition,0,-1.2,-0.17
1142,TYP5CU,2017,Typha,Typha_Phragmites,Phragmites,Without competition,1500,21.3,2.22
1143,TYP5CU,2017,Typha,Typha_Phragmites,Phragmites,Without competition,1000,18.4,2.51
1144,TYP5CU,2017,Typha,Typha_Phragmites,Phragmites,Without competition,500,13.4,2.08
1145,TYP5CU,2017,Typha,Typha_Phragmites,Phragmites,Without competition,200,6.5,1.19
1146,TYP5CU,2017,Typha,Typha_Phragmites,Phragmites,Without competition,100,2.4,0.49
1147,TYP5CU,2017,Typha,Typha_Phragmites,Phragmites,Without competition,50,0.1,0.02
1148,TYP5CU,2017,Typha,Typha_Phragmites,Phragmites,Without competition,0,-1.4,-0.34
1149,TYP6,2017,Typha,Typha_Phragmites,Phragmites,Competition,1500,22.3,2.17
1150,TYP6,2017,Typha,Typha_Phragmites,Phragmites,Competition,1000,22.8,2.92
1151,TYP6,2017,Typha,Typha_Phragmites,Phragmites,Competition,500,17.2,2.55
1152,TYP6,2017,Typha,Typha_Phragmites,Phragmites,Competition,200,7.8,1.15
1153,TYP6,2017,Typha,Typha_Phragmites,Phragmites,Competition,100,3.5,0.58
1154,TYP6,2017,Typha,Typha_Phragmites,Phragmites,Competition,50,2.1,0.38
1155,TYP6,2017,Typha,Typha_Phragmites,Phragmites,Competition,0,0.8,0.16
1156,TYP6CU,2017,Typha,Typha_Phragmites,Phragmites,Without competition,1500,24,2.04
1157,TYP6CU,2017,Typha,Typha_Phragmites,Phragmites,Without competition,1000,22.2,2.27
1158,TYP6CU,2017,Typha,Typha_Phragmites,Phragmites,Without competition,500,17,1.89
1159,TYP6CU,2017,Typha,Typha_Phragmites,Phragmites,Without competition,200,7.1,0.83
1160,TYP6CU,2017,Typha,Typha_Phragmites,Phragmites,Without competition,100,2.7,0.34
1161,TYP6CU,2017,Typha,Typha_Phragmites,Phragmites,Without competition,50,0.2,0.03
1162,TYP6CU,2017,Typha,Typha_Phragmites,Phragmites,Without competition,0,-1.4,-0.21
