,Site,Year,Species,Phytometer,Neighbour,Treatment,Date,light,carbon
1,CAP1,2017,Carex,Carex_Phragmites,Phragmites,Competition,09-Jul-17,X1500,10.1
2,CAP1,2017,Carex,Carex_Phragmites,Phragmites,Competition,09-Jul-17,X1000,9.7
3,CAP1,2017,Carex,Carex_Phragmites,Phragmites,Competition,09-Jul-17,X500,8.4
4,CAP1,2017,Carex,Carex_Phragmites,Phragmites,Competition,09-Jul-17,X200,4.3
5,CAP1,2017,Carex,Carex_Phragmites,Phragmites,Competition,09-Jul-17,X100,1.2
6,CAP1,2017,Carex,Carex_Phragmites,Phragmites,Competition,09-Jul-17,X50,-0.3
7,CAP1,2017,Carex,Carex_Phragmites,Phragmites,Competition,09-Jul-17,X0,-1.1
8,CAP10,2017,Carex,Carex_Phragmites,Phragmites,Competition,11-Jul-17,X1500,12.4
9,CAP10,2017,Carex,Carex_Phragmites,Phragmites,Competition,11-Jul-17,X1000,12.1
10,CAP10,2017,Carex,Carex_Phragmites,Phragmites,Competition,11-Jul-17,X500,9.5
11,CAP10,2017,Carex,Carex_Phragmites,Phragmites,Competition,11-Jul-17,X200,5.6
12,CAP10,2017,Carex,Carex_Phragmites,Phragmites,Competition,11-Jul-17,X100,2.7
13,CAP10,2017,Carex,Carex_Phragmites,Phragmites,Competition,11-Jul-17,X50,0.6
14,CAP10,2017,Carex,Carex_Phragmites,Phragmites,Competition,11-Jul-17,X0,-0.5
15,CAP10CU,2017,Carex,Carex_Phragmites,Phragmites,No competition,11-Jul-17,X1500,14
16,CAP10CU,2017,Carex,Carex_Phragmites,Phragmites,No competition,11-Jul-17,X1000,13
17,CAP10CU,2017,Carex,Carex_Phragmites,Phragmites,No competition,11-Jul-17,X500,10.1
18,CAP10CU,2017,Carex,Carex_Phragmites,Phragmites,No competition,11-Jul-17,X200,6
19,CAP10CU,2017,Carex,Carex_Phragmites,Phragmites,No competition,11-Jul-17,X100,2
20,CAP10CU,2017,Carex,Carex_Phragmites,Phragmites,No competition,11-Jul-17,X50,0.2
21,CAP10CU,2017,Carex,Carex_Phragmites,Phragmites,No competition,11-Jul-17,X0,-1.1
22,CAP11,2017,Carex,Carex_Phragmites,Phragmites,Competition,11-Jul-17,X1500,12.2
23,CAP11,2017,Carex,Carex_Phragmites,Phragmites,Competition,11-Jul-17,X1000,11.2
24,CAP11,2017,Carex,Carex_Phragmites,Phragmites,Competition,11-Jul-17,X500,9.1
25,CAP11,2017,Carex,Carex_Phragmites,Phragmites,Competition,11-Jul-17,X200,5.2
26,CAP11,2017,Carex,Carex_Phragmites,Phragmites,Competition,11-Jul-17,X100,2
27,CAP11,2017,Carex,Carex_Phragmites,Phragmites,Competition,11-Jul-17,X50,0.2
28,CAP11,2017,Carex,Carex_Phragmites,Phragmites,Competition,11-Jul-17,X0,-0.8
29,CAP12,2017,Carex,Carex_Phragmites,Phragmites,Competition,11-Jul-17,X1500,8.1
30,CAP12,2017,Carex,Carex_Phragmites,Phragmites,Competition,11-Jul-17,X1000,7.3
31,CAP12,2017,Carex,Carex_Phragmites,Phragmites,Competition,11-Jul-17,X500,6
32,CAP12,2017,Carex,Carex_Phragmites,Phragmites,Competition,11-Jul-17,X200,3.8
33,CAP12,2017,Carex,Carex_Phragmites,Phragmites,Competition,11-Jul-17,X100,1.9
34,CAP12,2017,Carex,Carex_Phragmites,Phragmites,Competition,11-Jul-17,X50,0.4
35,CAP12,2017,Carex,Carex_Phragmites,Phragmites,Competition,11-Jul-17,X0,-0.6
36,CAP12CU,2017,Carex,Carex_Phragmites,Phragmites,No competition,11-Jul-17,X1500,14.7
37,CAP12CU,2017,Carex,Carex_Phragmites,Phragmites,No competition,11-Jul-17,X1000,13.8
38,CAP12CU,2017,Carex,Carex_Phragmites,Phragmites,No competition,11-Jul-17,X500,10.8
39,CAP12CU,2017,Carex,Carex_Phragmites,Phragmites,No competition,11-Jul-17,X200,5.9
40,CAP12CU,2017,Carex,Carex_Phragmites,Phragmites,No competition,11-Jul-17,X100,2.6
41,CAP12CU,2017,Carex,Carex_Phragmites,Phragmites,No competition,11-Jul-17,X50,0.6
42,CAP12CU,2017,Carex,Carex_Phragmites,Phragmites,No competition,11-Jul-17,X0,-0.5
43,CAP1CU,2017,Carex,Carex_Phragmites,Phragmites,No competition,09-Jul-17,X1500,14.5
44,CAP1CU,2017,Carex,Carex_Phragmites,Phragmites,No competition,09-Jul-17,X1000,13.3
45,CAP1CU,2017,Carex,Carex_Phragmites,Phragmites,No competition,09-Jul-17,X500,9.6
46,CAP1CU,2017,Carex,Carex_Phragmites,Phragmites,No competition,09-Jul-17,X200,4.5
47,CAP1CU,2017,Carex,Carex_Phragmites,Phragmites,No competition,09-Jul-17,X100,0.9
48,CAP1CU,2017,Carex,Carex_Phragmites,Phragmites,No competition,09-Jul-17,X50,-0.8
49,CAP1CU,2017,Carex,Carex_Phragmites,Phragmites,No competition,09-Jul-17,X0,-2.1
50,CAP2,2017,Carex,Carex_Phragmites,Phragmites,Competition,09-Jul-17,X1500,10.3
51,CAP2,2017,Carex,Carex_Phragmites,Phragmites,Competition,09-Jul-17,X1000,9.5
52,CAP2,2017,Carex,Carex_Phragmites,Phragmites,Competition,09-Jul-17,X500,7.2
53,CAP2,2017,Carex,Carex_Phragmites,Phragmites,Competition,09-Jul-17,X200,3.7
54,CAP2,2017,Carex,Carex_Phragmites,Phragmites,Competition,09-Jul-17,X100,1.1
55,CAP2,2017,Carex,Carex_Phragmites,Phragmites,Competition,09-Jul-17,X50,-0.4
56,CAP2,2017,Carex,Carex_Phragmites,Phragmites,Competition,09-Jul-17,X0,-1.5
57,CAP2CU,2017,Carex,Carex_Phragmites,Phragmites,No competition,09-Jul-17,X1500,12
58,CAP2CU,2017,Carex,Carex_Phragmites,Phragmites,No competition,09-Jul-17,X1000,11.6
59,CAP2CU,2017,Carex,Carex_Phragmites,Phragmites,No competition,09-Jul-17,X500,9.4
60,CAP2CU,2017,Carex,Carex_Phragmites,Phragmites,No competition,09-Jul-17,X200,4.1
61,CAP2CU,2017,Carex,Carex_Phragmites,Phragmites,No competition,09-Jul-17,X100,0.8
62,CAP2CU,2017,Carex,Carex_Phragmites,Phragmites,No competition,09-Jul-17,X50,-0.6
63,CAP2CU,2017,Carex,Carex_Phragmites,Phragmites,No competition,09-Jul-17,X0,-1.7
64,CAP3,2017,Carex,Carex_Phragmites,Phragmites,Competition,09-Jul-17,X1500,9.5
65,CAP3,2017,Carex,Carex_Phragmites,Phragmites,Competition,09-Jul-17,X1000,8.4
66,CAP3,2017,Carex,Carex_Phragmites,Phragmites,Competition,09-Jul-17,X500,7
67,CAP3,2017,Carex,Carex_Phragmites,Phragmites,Competition,09-Jul-17,X200,4.2
68,CAP3,2017,Carex,Carex_Phragmites,Phragmites,Competition,09-Jul-17,X100,1.3
69,CAP3,2017,Carex,Carex_Phragmites,Phragmites,Competition,09-Jul-17,X50,0
70,CAP3,2017,Carex,Carex_Phragmites,Phragmites,Competition,09-Jul-17,X0,-0.9
71,CAP3CU,2017,Carex,Carex_Phragmites,Phragmites,No competition,09-Jul-17,X1500,10.9
72,CAP3CU,2017,Carex,Carex_Phragmites,Phragmites,No competition,09-Jul-17,X1000,10.1
73,CAP3CU,2017,Carex,Carex_Phragmites,Phragmites,No competition,09-Jul-17,X500,7.9
74,CAP3CU,2017,Carex,Carex_Phragmites,Phragmites,No competition,09-Jul-17,X200,4.9
75,CAP3CU,2017,Carex,Carex_Phragmites,Phragmites,No competition,09-Jul-17,X100,1.3
76,CAP3CU,2017,Carex,Carex_Phragmites,Phragmites,No competition,09-Jul-17,X50,-0.3
77,CAP3CU,2017,Carex,Carex_Phragmites,Phragmites,No competition,09-Jul-17,X0,-1.3
78,CAP4,2017,Carex,Carex_Phragmites,Phragmites,Competition,09-Jul-17,X1500,15
79,CAP4,2017,Carex,Carex_Phragmites,Phragmites,Competition,09-Jul-17,X1000,14.2
80,CAP4,2017,Carex,Carex_Phragmites,Phragmites,Competition,09-Jul-17,X500,11.3
81,CAP4,2017,Carex,Carex_Phragmites,Phragmites,Competition,09-Jul-17,X200,6
82,CAP4,2017,Carex,Carex_Phragmites,Phragmites,Competition,09-Jul-17,X100,2.3
83,CAP4,2017,Carex,Carex_Phragmites,Phragmites,Competition,09-Jul-17,X50,0.3
84,CAP4,2017,Carex,Carex_Phragmites,Phragmites,Competition,09-Jul-17,X0,-0.9
85,CAP4CU,2017,Carex,Carex_Phragmites,Phragmites,No competition,09-Jul-17,X1500,15.3
86,CAP4CU,2017,Carex,Carex_Phragmites,Phragmites,No competition,09-Jul-17,X1000,13.2
87,CAP4CU,2017,Carex,Carex_Phragmites,Phragmites,No competition,09-Jul-17,X500,9.7
88,CAP4CU,2017,Carex,Carex_Phragmites,Phragmites,No competition,09-Jul-17,X200,4.4
89,CAP4CU,2017,Carex,Carex_Phragmites,Phragmites,No competition,09-Jul-17,X100,1
90,CAP4CU,2017,Carex,Carex_Phragmites,Phragmites,No competition,09-Jul-17,X50,-0.5
91,CAP4CU,2017,Carex,Carex_Phragmites,Phragmites,No competition,09-Jul-17,X0,-1.5
92,CAP5,2017,Carex,Carex_Phragmites,Phragmites,Competition,09-Jul-17,X1500,13.8
93,CAP5,2017,Carex,Carex_Phragmites,Phragmites,Competition,09-Jul-17,X1000,13
94,CAP5,2017,Carex,Carex_Phragmites,Phragmites,Competition,09-Jul-17,X500,10.6
95,CAP5,2017,Carex,Carex_Phragmites,Phragmites,Competition,09-Jul-17,X200,5.4
96,CAP5,2017,Carex,Carex_Phragmites,Phragmites,Competition,09-Jul-17,X100,2.3
97,CAP5,2017,Carex,Carex_Phragmites,Phragmites,Competition,09-Jul-17,X50,0.4
98,CAP5,2017,Carex,Carex_Phragmites,Phragmites,Competition,09-Jul-17,X0,-0.8
99,CAP5CU,2017,Carex,Carex_Phragmites,Phragmites,No competition,09-Jul-17,X1500,17
100,CAP5CU,2017,Carex,Carex_Phragmites,Phragmites,No competition,09-Jul-17,X1000,16.5
101,CAP5CU,2017,Carex,Carex_Phragmites,Phragmites,No competition,09-Jul-17,X500,11.5
102,CAP5CU,2017,Carex,Carex_Phragmites,Phragmites,No competition,09-Jul-17,X200,5.1
103,CAP5CU,2017,Carex,Carex_Phragmites,Phragmites,No competition,09-Jul-17,X100,1.5
104,CAP5CU,2017,Carex,Carex_Phragmites,Phragmites,No competition,09-Jul-17,X50,-0.3
105,CAP5CU,2017,Carex,Carex_Phragmites,Phragmites,No competition,09-Jul-17,X0,-1.3
106,CAP6,2017,Carex,Carex_Phragmites,Phragmites,Competition,11-Jul-17,X1500,11.9
107,CAP6,2017,Carex,Carex_Phragmites,Phragmites,Competition,11-Jul-17,X1000,11.5
108,CAP6,2017,Carex,Carex_Phragmites,Phragmites,Competition,11-Jul-17,X500,10.2
109,CAP6,2017,Carex,Carex_Phragmites,Phragmites,Competition,11-Jul-17,X200,5.9
110,CAP6,2017,Carex,Carex_Phragmites,Phragmites,Competition,11-Jul-17,X100,3.1
111,CAP6,2017,Carex,Carex_Phragmites,Phragmites,Competition,11-Jul-17,X50,1.2
112,CAP6,2017,Carex,Carex_Phragmites,Phragmites,Competition,11-Jul-17,X0,0
113,CAP6CU,2017,Carex,Carex_Phragmites,Phragmites,No competition,09-Jul-17,X1500,13.7
114,CAP6CU,2017,Carex,Carex_Phragmites,Phragmites,No competition,09-Jul-17,X1000,12.2
115,CAP6CU,2017,Carex,Carex_Phragmites,Phragmites,No competition,09-Jul-17,X500,9.4
116,CAP6CU,2017,Carex,Carex_Phragmites,Phragmites,No competition,09-Jul-17,X200,4.8
117,CAP6CU,2017,Carex,Carex_Phragmites,Phragmites,No competition,09-Jul-17,X100,1.4
118,CAP6CU,2017,Carex,Carex_Phragmites,Phragmites,No competition,09-Jul-17,X50,0
119,CAP6CU,2017,Carex,Carex_Phragmites,Phragmites,No competition,09-Jul-17,X0,-1
120,CAP7CU,2017,Carex,Carex_Phragmites,Phragmites,No competition,09-Jul-17,X1500,13.8
121,CAP7CU,2017,Carex,Carex_Phragmites,Phragmites,No competition,09-Jul-17,X1000,12.7
122,CAP7CU,2017,Carex,Carex_Phragmites,Phragmites,No competition,09-Jul-17,X500,9.5
123,CAP7CU,2017,Carex,Carex_Phragmites,Phragmites,No competition,09-Jul-17,X200,4.3
124,CAP7CU,2017,Carex,Carex_Phragmites,Phragmites,No competition,09-Jul-17,X100,0.9
125,CAP7CU,2017,Carex,Carex_Phragmites,Phragmites,No competition,09-Jul-17,X50,-0.8
126,CAP7CU,2017,Carex,Carex_Phragmites,Phragmites,No competition,09-Jul-17,X0,-0.6
127,CAP9,2017,Carex,Carex_Phragmites,Phragmites,Competition,11-Jul-17,X1500,13.6
128,CAP9,2017,Carex,Carex_Phragmites,Phragmites,Competition,11-Jul-17,X1000,13.1
129,CAP9,2017,Carex,Carex_Phragmites,Phragmites,Competition,11-Jul-17,X500,10.3
130,CAP9,2017,Carex,Carex_Phragmites,Phragmites,Competition,11-Jul-17,X200,5.8
131,CAP9,2017,Carex,Carex_Phragmites,Phragmites,Competition,11-Jul-17,X100,2.5
132,CAP9,2017,Carex,Carex_Phragmites,Phragmites,Competition,11-Jul-17,X50,0.9
133,CAP9,2017,Carex,Carex_Phragmites,Phragmites,Competition,11-Jul-17,X0,-0.2
134,CAP9CU,2017,Carex,Carex_Phragmites,Phragmites,No competition,11-Jul-17,X1500,24.9
135,CAP9CU,2017,Carex,Carex_Phragmites,Phragmites,No competition,11-Jul-17,X1000,17.1
136,CAP9CU,2017,Carex,Carex_Phragmites,Phragmites,No competition,11-Jul-17,X500,12.5
137,CAP9CU,2017,Carex,Carex_Phragmites,Phragmites,No competition,11-Jul-17,X200,5.7
138,CAP9CU,2017,Carex,Carex_Phragmites,Phragmites,No competition,11-Jul-17,X100,1.8
139,CAP9CU,2017,Carex,Carex_Phragmites,Phragmites,No competition,11-Jul-17,X50,-0.1
140,CAP9CU,2017,Carex,Carex_Phragmites,Phragmites,No competition,11-Jul-17,X0,-1.2
141,CCP1,2017,Calamagrostis,Calamagrostis_Phragmites,Phragmites,Competition,04-Jul-17,X1500,5.5
142,CCP1,2017,Calamagrostis,Calamagrostis_Phragmites,Phragmites,Competition,04-Jul-17,X1000,5.5
143,CCP1,2017,Calamagrostis,Calamagrostis_Phragmites,Phragmites,Competition,04-Jul-17,X500,5
144,CCP1,2017,Calamagrostis,Calamagrostis_Phragmites,Phragmites,Competition,04-Jul-17,X200,2.8
145,CCP1,2017,Calamagrostis,Calamagrostis_Phragmites,Phragmites,Competition,04-Jul-17,X100,1.5
146,CCP1,2017,Calamagrostis,Calamagrostis_Phragmites,Phragmites,Competition,04-Jul-17,X50,0.8
147,CCP1,2017,Calamagrostis,Calamagrostis_Phragmites,Phragmites,Competition,04-Jul-17,X0,0.4
148,CCP10,2017,Calamagrostis,Calamagrostis_Phragmites,Phragmites,Competition,06-Jul-17,X1500,9.4
149,CCP10,2017,Calamagrostis,Calamagrostis_Phragmites,Phragmites,Competition,06-Jul-17,X1000,8.8
150,CCP10,2017,Calamagrostis,Calamagrostis_Phragmites,Phragmites,Competition,06-Jul-17,X500,7.2
151,CCP10,2017,Calamagrostis,Calamagrostis_Phragmites,Phragmites,Competition,06-Jul-17,X200,3.2
152,CCP10,2017,Calamagrostis,Calamagrostis_Phragmites,Phragmites,Competition,06-Jul-17,X100,1.1
153,CCP10,2017,Calamagrostis,Calamagrostis_Phragmites,Phragmites,Competition,06-Jul-17,X50,0
154,CCP10,2017,Calamagrostis,Calamagrostis_Phragmites,Phragmites,Competition,06-Jul-17,X0,-0.9
155,CCP10CU,2017,Calamagrostis,Calamagrostis_Phragmites,Phragmites,No competition,06-Jul-17,X1500,10.9
156,CCP10CU,2017,Calamagrostis,Calamagrostis_Phragmites,Phragmites,No competition,06-Jul-17,X1000,10.7
157,CCP10CU,2017,Calamagrostis,Calamagrostis_Phragmites,Phragmites,No competition,06-Jul-17,X500,9.8
158,CCP10CU,2017,Calamagrostis,Calamagrostis_Phragmites,Phragmites,No competition,06-Jul-17,X200,5.4
159,CCP10CU,2017,Calamagrostis,Calamagrostis_Phragmites,Phragmites,No competition,06-Jul-17,X100,2.6
160,CCP10CU,2017,Calamagrostis,Calamagrostis_Phragmites,Phragmites,No competition,06-Jul-17,X50,1.7
161,CCP10CU,2017,Calamagrostis,Calamagrostis_Phragmites,Phragmites,No competition,06-Jul-17,X0,-0.5
162,CCP11,2017,Calamagrostis,Calamagrostis_Phragmites,Phragmites,Competition,06-Jul-17,X1500,9.1
163,CCP11,2017,Calamagrostis,Calamagrostis_Phragmites,Phragmites,Competition,06-Jul-17,X1000,8.5
164,CCP11,2017,Calamagrostis,Calamagrostis_Phragmites,Phragmites,Competition,06-Jul-17,X500,7.5
165,CCP11,2017,Calamagrostis,Calamagrostis_Phragmites,Phragmites,Competition,06-Jul-17,X200,4
166,CCP11,2017,Calamagrostis,Calamagrostis_Phragmites,Phragmites,Competition,06-Jul-17,X100,1.8
167,CCP11,2017,Calamagrostis,Calamagrostis_Phragmites,Phragmites,Competition,06-Jul-17,X50,0.5
168,CCP11,2017,Calamagrostis,Calamagrostis_Phragmites,Phragmites,Competition,06-Jul-17,X0,-0.6
169,CCP11CU,2017,Calamagrostis,Calamagrostis_Phragmites,Phragmites,No competition,06-Jul-17,X1500,12.9
170,CCP11CU,2017,Calamagrostis,Calamagrostis_Phragmites,Phragmites,No competition,06-Jul-17,X1000,12.4
171,CCP11CU,2017,Calamagrostis,Calamagrostis_Phragmites,Phragmites,No competition,06-Jul-17,X500,10.4
172,CCP11CU,2017,Calamagrostis,Calamagrostis_Phragmites,Phragmites,No competition,06-Jul-17,X200,5.7
173,CCP11CU,2017,Calamagrostis,Calamagrostis_Phragmites,Phragmites,No competition,06-Jul-17,X100,2.7
174,CCP11CU,2017,Calamagrostis,Calamagrostis_Phragmites,Phragmites,No competition,06-Jul-17,X50,1
175,CCP11CU,2017,Calamagrostis,Calamagrostis_Phragmites,Phragmites,No competition,06-Jul-17,X0,-0.3
176,CCP12,2017,Calamagrostis,Calamagrostis_Phragmites,Phragmites,Competition,09-Jul-17,X1500,5.1
177,CCP12,2017,Calamagrostis,Calamagrostis_Phragmites,Phragmites,Competition,09-Jul-17,X1000,4.5
178,CCP12,2017,Calamagrostis,Calamagrostis_Phragmites,Phragmites,Competition,09-Jul-17,X500,3.8
179,CCP12,2017,Calamagrostis,Calamagrostis_Phragmites,Phragmites,Competition,09-Jul-17,X200,2.8
180,CCP12,2017,Calamagrostis,Calamagrostis_Phragmites,Phragmites,Competition,09-Jul-17,X100,1.3
181,CCP12,2017,Calamagrostis,Calamagrostis_Phragmites,Phragmites,Competition,09-Jul-17,X50,-0.1
182,CCP12,2017,Calamagrostis,Calamagrostis_Phragmites,Phragmites,Competition,09-Jul-17,X0,-0.9
183,CCP12CU,2017,Calamagrostis,Calamagrostis_Phragmites,Phragmites,No competition,09-Jul-17,X1500,14.3
184,CCP12CU,2017,Calamagrostis,Calamagrostis_Phragmites,Phragmites,No competition,09-Jul-17,X1000,13.5
185,CCP12CU,2017,Calamagrostis,Calamagrostis_Phragmites,Phragmites,No competition,09-Jul-17,X500,11
186,CCP12CU,2017,Calamagrostis,Calamagrostis_Phragmites,Phragmites,No competition,09-Jul-17,X200,6.1
187,CCP12CU,2017,Calamagrostis,Calamagrostis_Phragmites,Phragmites,No competition,09-Jul-17,X100,2.7
188,CCP12CU,2017,Calamagrostis,Calamagrostis_Phragmites,Phragmites,No competition,09-Jul-17,X50,1.2
189,CCP12CU,2017,Calamagrostis,Calamagrostis_Phragmites,Phragmites,No competition,09-Jul-17,X0,0
190,CCP1CU,2017,Calamagrostis,Calamagrostis_Phragmites,Phragmites,No competition,04-Jul-17,X1500,14.5
191,CCP1CU,2017,Calamagrostis,Calamagrostis_Phragmites,Phragmites,No competition,04-Jul-17,X1000,13
192,CCP1CU,2017,Calamagrostis,Calamagrostis_Phragmites,Phragmites,No competition,04-Jul-17,X500,10.8
193,CCP1CU,2017,Calamagrostis,Calamagrostis_Phragmites,Phragmites,No competition,04-Jul-17,X200,6.6
194,CCP1CU,2017,Calamagrostis,Calamagrostis_Phragmites,Phragmites,No competition,04-Jul-17,X100,3.6
195,CCP1CU,2017,Calamagrostis,Calamagrostis_Phragmites,Phragmites,No competition,04-Jul-17,X50,1.6
196,CCP1CU,2017,Calamagrostis,Calamagrostis_Phragmites,Phragmites,No competition,04-Jul-17,X0,0.2
197,CCP2,2017,Calamagrostis,Calamagrostis_Phragmites,Phragmites,Competition,04-Jul-17,X1500,9.8
198,CCP2,2017,Calamagrostis,Calamagrostis_Phragmites,Phragmites,Competition,04-Jul-17,X1000,9
199,CCP2,2017,Calamagrostis,Calamagrostis_Phragmites,Phragmites,Competition,04-Jul-17,X500,7.6
200,CCP2,2017,Calamagrostis,Calamagrostis_Phragmites,Phragmites,Competition,04-Jul-17,X200,4.4
201,CCP2,2017,Calamagrostis,Calamagrostis_Phragmites,Phragmites,Competition,04-Jul-17,X100,1.9
202,CCP2,2017,Calamagrostis,Calamagrostis_Phragmites,Phragmites,Competition,04-Jul-17,X50,0.6
203,CCP2,2017,Calamagrostis,Calamagrostis_Phragmites,Phragmites,Competition,04-Jul-17,X0,-0.1
204,CCP2CU,2017,Calamagrostis,Calamagrostis_Phragmites,Phragmites,No competition,04-Jul-17,X1500,18.4
205,CCP2CU,2017,Calamagrostis,Calamagrostis_Phragmites,Phragmites,No competition,04-Jul-17,X1000,16.8
206,CCP2CU,2017,Calamagrostis,Calamagrostis_Phragmites,Phragmites,No competition,04-Jul-17,X500,13.1
207,CCP2CU,2017,Calamagrostis,Calamagrostis_Phragmites,Phragmites,No competition,04-Jul-17,X200,5.7
208,CCP2CU,2017,Calamagrostis,Calamagrostis_Phragmites,Phragmites,No competition,04-Jul-17,X100,3.5
209,CCP2CU,2017,Calamagrostis,Calamagrostis_Phragmites,Phragmites,No competition,04-Jul-17,X50,1.5
210,CCP2CU,2017,Calamagrostis,Calamagrostis_Phragmites,Phragmites,No competition,04-Jul-17,X0,-0.1
211,CCP3,2017,Calamagrostis,Calamagrostis_Phragmites,Phragmites,Competition,04-Jul-17,X1500,12.5
212,CCP3,2017,Calamagrostis,Calamagrostis_Phragmites,Phragmites,Competition,04-Jul-17,X1000,11.6
213,CCP3,2017,Calamagrostis,Calamagrostis_Phragmites,Phragmites,Competition,04-Jul-17,X500,10
214,CCP3,2017,Calamagrostis,Calamagrostis_Phragmites,Phragmites,Competition,04-Jul-17,X200,5.7
215,CCP3,2017,Calamagrostis,Calamagrostis_Phragmites,Phragmites,Competition,04-Jul-17,X100,2.8
216,CCP3,2017,Calamagrostis,Calamagrostis_Phragmites,Phragmites,Competition,04-Jul-17,X50,1.3
217,CCP3,2017,Calamagrostis,Calamagrostis_Phragmites,Phragmites,Competition,04-Jul-17,X0,0
218,CCP3CU,2017,Calamagrostis,Calamagrostis_Phragmites,Phragmites,No competition,04-Jul-17,X1500,15.6
219,CCP3CU,2017,Calamagrostis,Calamagrostis_Phragmites,Phragmites,No competition,04-Jul-17,X1000,14.4
220,CCP3CU,2017,Calamagrostis,Calamagrostis_Phragmites,Phragmites,No competition,04-Jul-17,X500,11.6
221,CCP3CU,2017,Calamagrostis,Calamagrostis_Phragmites,Phragmites,No competition,04-Jul-17,X200,5.9
222,CCP3CU,2017,Calamagrostis,Calamagrostis_Phragmites,Phragmites,No competition,04-Jul-17,X100,3
223,CCP3CU,2017,Calamagrostis,Calamagrostis_Phragmites,Phragmites,No competition,04-Jul-17,X50,1.2
224,CCP3CU,2017,Calamagrostis,Calamagrostis_Phragmites,Phragmites,No competition,04-Jul-17,X0,-0.2
225,CCP4,2017,Calamagrostis,Calamagrostis_Phragmites,Phragmites,Competition,04-Jul-17,X1500,11.6
226,CCP4,2017,Calamagrostis,Calamagrostis_Phragmites,Phragmites,Competition,04-Jul-17,X1000,10.1
227,CCP4,2017,Calamagrostis,Calamagrostis_Phragmites,Phragmites,Competition,04-Jul-17,X500,8.9
228,CCP4,2017,Calamagrostis,Calamagrostis_Phragmites,Phragmites,Competition,04-Jul-17,X200,5.6
229,CCP4,2017,Calamagrostis,Calamagrostis_Phragmites,Phragmites,Competition,04-Jul-17,X100,2.7
230,CCP4,2017,Calamagrostis,Calamagrostis_Phragmites,Phragmites,Competition,04-Jul-17,X50,1
231,CCP4,2017,Calamagrostis,Calamagrostis_Phragmites,Phragmites,Competition,04-Jul-17,X0,-0.2
232,CCP4CU,2017,Calamagrostis,Calamagrostis_Phragmites,Phragmites,No competition,04-Jul-17,X1500,14.8
233,CCP4CU,2017,Calamagrostis,Calamagrostis_Phragmites,Phragmites,No competition,04-Jul-17,X1000,13.7
234,CCP4CU,2017,Calamagrostis,Calamagrostis_Phragmites,Phragmites,No competition,04-Jul-17,X500,11.6
235,CCP4CU,2017,Calamagrostis,Calamagrostis_Phragmites,Phragmites,No competition,04-Jul-17,X200,6.3
236,CCP4CU,2017,Calamagrostis,Calamagrostis_Phragmites,Phragmites,No competition,04-Jul-17,X100,3.1
237,CCP4CU,2017,Calamagrostis,Calamagrostis_Phragmites,Phragmites,No competition,04-Jul-17,X50,1.6
238,CCP4CU,2017,Calamagrostis,Calamagrostis_Phragmites,Phragmites,No competition,04-Jul-17,X0,0
239,CCP5,2017,Calamagrostis,Calamagrostis_Phragmites,Phragmites,Competition,06-Jul-17,X1500,11.4
240,CCP5,2017,Calamagrostis,Calamagrostis_Phragmites,Phragmites,Competition,06-Jul-17,X1000,10.8
241,CCP5,2017,Calamagrostis,Calamagrostis_Phragmites,Phragmites,Competition,06-Jul-17,X500,9
242,CCP5,2017,Calamagrostis,Calamagrostis_Phragmites,Phragmites,Competition,06-Jul-17,X200,5.5
243,CCP5,2017,Calamagrostis,Calamagrostis_Phragmites,Phragmites,Competition,06-Jul-17,X100,2.4
244,CCP5,2017,Calamagrostis,Calamagrostis_Phragmites,Phragmites,Competition,06-Jul-17,X50,1.1
245,CCP5,2017,Calamagrostis,Calamagrostis_Phragmites,Phragmites,Competition,06-Jul-17,X0,-0.6
246,CCP5CU,2017,Calamagrostis,Calamagrostis_Phragmites,Phragmites,No competition,06-Jul-17,X1500,5.5
247,CCP5CU,2017,Calamagrostis,Calamagrostis_Phragmites,Phragmites,No competition,06-Jul-17,X1000,5.4
248,CCP5CU,2017,Calamagrostis,Calamagrostis_Phragmites,Phragmites,No competition,06-Jul-17,X500,5.6
249,CCP5CU,2017,Calamagrostis,Calamagrostis_Phragmites,Phragmites,No competition,06-Jul-17,X200,4.2
250,CCP5CU,2017,Calamagrostis,Calamagrostis_Phragmites,Phragmites,No competition,06-Jul-17,X100,2
251,CCP5CU,2017,Calamagrostis,Calamagrostis_Phragmites,Phragmites,No competition,06-Jul-17,X50,0.5
252,CCP5CU,2017,Calamagrostis,Calamagrostis_Phragmites,Phragmites,No competition,06-Jul-17,X0,-0.5
253,CCP6,2017,Calamagrostis,Calamagrostis_Phragmites,Phragmites,Competition,06-Jul-17,X1500,7.8
254,CCP6,2017,Calamagrostis,Calamagrostis_Phragmites,Phragmites,Competition,06-Jul-17,X1000,7.8
255,CCP6,2017,Calamagrostis,Calamagrostis_Phragmites,Phragmites,Competition,06-Jul-17,X500,7.4
256,CCP6,2017,Calamagrostis,Calamagrostis_Phragmites,Phragmites,Competition,06-Jul-17,X200,5.1
257,CCP6,2017,Calamagrostis,Calamagrostis_Phragmites,Phragmites,Competition,06-Jul-17,X100,2.6
258,CCP6,2017,Calamagrostis,Calamagrostis_Phragmites,Phragmites,Competition,06-Jul-17,X50,1.2
259,CCP6,2017,Calamagrostis,Calamagrostis_Phragmites,Phragmites,Competition,06-Jul-17,X0,-0.1
260,CCP6CU,2017,Calamagrostis,Calamagrostis_Phragmites,Phragmites,No competition,06-Jul-17,X1500,16.5
261,CCP6CU,2017,Calamagrostis,Calamagrostis_Phragmites,Phragmites,No competition,06-Jul-17,X1000,15.6
262,CCP6CU,2017,Calamagrostis,Calamagrostis_Phragmites,Phragmites,No competition,06-Jul-17,X500,12.1
263,CCP6CU,2017,Calamagrostis,Calamagrostis_Phragmites,Phragmites,No competition,06-Jul-17,X200,5.9
264,CCP6CU,2017,Calamagrostis,Calamagrostis_Phragmites,Phragmites,No competition,06-Jul-17,X100,2.7
265,CCP6CU,2017,Calamagrostis,Calamagrostis_Phragmites,Phragmites,No competition,06-Jul-17,X50,0.9
266,CCP6CU,2017,Calamagrostis,Calamagrostis_Phragmites,Phragmites,No competition,06-Jul-17,X0,-0.4
267,CCP7,2017,Calamagrostis,Calamagrostis_Phragmites,Phragmites,Competition,06-Jul-17,X1500,8.1
268,CCP7,2017,Calamagrostis,Calamagrostis_Phragmites,Phragmites,Competition,06-Jul-17,X1000,7.3
269,CCP7,2017,Calamagrostis,Calamagrostis_Phragmites,Phragmites,Competition,06-Jul-17,X500,5.6
270,CCP7,2017,Calamagrostis,Calamagrostis_Phragmites,Phragmites,Competition,06-Jul-17,X200,4
271,CCP7,2017,Calamagrostis,Calamagrostis_Phragmites,Phragmites,Competition,06-Jul-17,X100,1.9
272,CCP7,2017,Calamagrostis,Calamagrostis_Phragmites,Phragmites,Competition,06-Jul-17,X50,0.6
273,CCP7,2017,Calamagrostis,Calamagrostis_Phragmites,Phragmites,Competition,06-Jul-17,X0,-0.3
274,CCP7CU,2017,Calamagrostis,Calamagrostis_Phragmites,Phragmites,No competition,06-Jul-17,X1500,15.7
275,CCP7CU,2017,Calamagrostis,Calamagrostis_Phragmites,Phragmites,No competition,06-Jul-17,X1000,14.8
276,CCP7CU,2017,Calamagrostis,Calamagrostis_Phragmites,Phragmites,No competition,06-Jul-17,X500,12.2
277,CCP7CU,2017,Calamagrostis,Calamagrostis_Phragmites,Phragmites,No competition,06-Jul-17,X200,6.5
278,CCP7CU,2017,Calamagrostis,Calamagrostis_Phragmites,Phragmites,No competition,06-Jul-17,X100,3.7
279,CCP7CU,2017,Calamagrostis,Calamagrostis_Phragmites,Phragmites,No competition,06-Jul-17,X50,0.7
280,CCP7CU,2017,Calamagrostis,Calamagrostis_Phragmites,Phragmites,No competition,06-Jul-17,X0,-0.9
281,CCP8,2017,Calamagrostis,Calamagrostis_Phragmites,Phragmites,Competition,06-Jul-17,X1500,5.5
282,CCP8,2017,Calamagrostis,Calamagrostis_Phragmites,Phragmites,Competition,06-Jul-17,X1000,5.4
283,CCP8,2017,Calamagrostis,Calamagrostis_Phragmites,Phragmites,Competition,06-Jul-17,X500,5.1
284,CCP8,2017,Calamagrostis,Calamagrostis_Phragmites,Phragmites,Competition,06-Jul-17,X200,3.8
285,CCP8,2017,Calamagrostis,Calamagrostis_Phragmites,Phragmites,Competition,06-Jul-17,X100,2.3
286,CCP8,2017,Calamagrostis,Calamagrostis_Phragmites,Phragmites,Competition,06-Jul-17,X50,0.7
287,CCP8,2017,Calamagrostis,Calamagrostis_Phragmites,Phragmites,Competition,06-Jul-17,X0,-0.1
288,CCP8CU,2017,Calamagrostis,Calamagrostis_Phragmites,Phragmites,No competition,06-Jul-17,X1500,16.2
289,CCP8CU,2017,Calamagrostis,Calamagrostis_Phragmites,Phragmites,No competition,06-Jul-17,X1000,14.1
290,CCP8CU,2017,Calamagrostis,Calamagrostis_Phragmites,Phragmites,No competition,06-Jul-17,X500,8.9
291,CCP8CU,2017,Calamagrostis,Calamagrostis_Phragmites,Phragmites,No competition,06-Jul-17,X200,4.3
292,CCP8CU,2017,Calamagrostis,Calamagrostis_Phragmites,Phragmites,No competition,06-Jul-17,X100,2.2
293,CCP8CU,2017,Calamagrostis,Calamagrostis_Phragmites,Phragmites,No competition,06-Jul-17,X50,0.1
294,CCP8CU,2017,Calamagrostis,Calamagrostis_Phragmites,Phragmites,No competition,06-Jul-17,X0,-1.1
295,CCP9,2017,Calamagrostis,Calamagrostis_Phragmites,Phragmites,Competition,06-Jul-17,X1500,10.7
296,CCP9,2017,Calamagrostis,Calamagrostis_Phragmites,Phragmites,Competition,06-Jul-17,X1000,9.5
297,CCP9,2017,Calamagrostis,Calamagrostis_Phragmites,Phragmites,Competition,06-Jul-17,X500,7.9
298,CCP9,2017,Calamagrostis,Calamagrostis_Phragmites,Phragmites,Competition,06-Jul-17,X200,4.8
299,CCP9,2017,Calamagrostis,Calamagrostis_Phragmites,Phragmites,Competition,06-Jul-17,X100,2.7
300,CCP9,2017,Calamagrostis,Calamagrostis_Phragmites,Phragmites,Competition,06-Jul-17,X50,0.7
301,CCP9,2017,Calamagrostis,Calamagrostis_Phragmites,Phragmites,Competition,06-Jul-17,X0,-0.4
302,CCP9CU,2017,Calamagrostis,Calamagrostis_Phragmites,Phragmites,No competition,06-Jul-17,X1500,13.7
303,CCP9CU,2017,Calamagrostis,Calamagrostis_Phragmites,Phragmites,No competition,06-Jul-17,X1000,13.3
304,CCP9CU,2017,Calamagrostis,Calamagrostis_Phragmites,Phragmites,No competition,06-Jul-17,X500,11.4
305,CCP9CU,2017,Calamagrostis,Calamagrostis_Phragmites,Phragmites,No competition,06-Jul-17,X200,5.7
306,CCP9CU,2017,Calamagrostis,Calamagrostis_Phragmites,Phragmites,No competition,06-Jul-17,X100,2.2
307,CCP9CU,2017,Calamagrostis,Calamagrostis_Phragmites,Phragmites,No competition,06-Jul-17,X50,0.3
308,CCP9CU,2017,Calamagrostis,Calamagrostis_Phragmites,Phragmites,No competition,06-Jul-17,X0,-0.9
309,PCA1,2017,Phragmites,Phragmites_Carex,Carex,Competition,09-Jul-17,X1500,18.9
310,PCA1,2017,Phragmites,Phragmites_Carex,Carex,Competition,09-Jul-17,X1000,17.2
311,PCA1,2017,Phragmites,Phragmites_Carex,Carex,Competition,09-Jul-17,X500,12.8
312,PCA1,2017,Phragmites,Phragmites_Carex,Carex,Competition,09-Jul-17,X200,4.9
313,PCA1,2017,Phragmites,Phragmites_Carex,Carex,Competition,09-Jul-17,X100,1.1
314,PCA1,2017,Phragmites,Phragmites_Carex,Carex,Competition,09-Jul-17,X50,-0.8
315,PCA1,2017,Phragmites,Phragmites_Carex,Carex,Competition,09-Jul-17,X0,-2
316,PCA1CU,2017,Phragmites,Phragmites_Carex,Carex,No competition,09-Jul-17,X1500,14.7
317,PCA1CU,2017,Phragmites,Phragmites_Carex,Carex,No competition,09-Jul-17,X1000,13
318,PCA1CU,2017,Phragmites,Phragmites_Carex,Carex,No competition,09-Jul-17,X500,9.8
319,PCA1CU,2017,Phragmites,Phragmites_Carex,Carex,No competition,09-Jul-17,X200,3.9
320,PCA1CU,2017,Phragmites,Phragmites_Carex,Carex,No competition,09-Jul-17,X100,0.7
321,PCA1CU,2017,Phragmites,Phragmites_Carex,Carex,No competition,09-Jul-17,X50,-1.3
322,PCA1CU,2017,Phragmites,Phragmites_Carex,Carex,No competition,09-Jul-17,X0,-2.3
323,PCA2,2017,Phragmites,Phragmites_Carex,Carex,Competition,11-Jul-17,X1500,13
324,PCA2,2017,Phragmites,Phragmites_Carex,Carex,Competition,11-Jul-17,X1000,12.5
325,PCA2,2017,Phragmites,Phragmites_Carex,Carex,Competition,11-Jul-17,X500,10.3
326,PCA2,2017,Phragmites,Phragmites_Carex,Carex,Competition,11-Jul-17,X200,5.2
327,PCA2,2017,Phragmites,Phragmites_Carex,Carex,Competition,11-Jul-17,X100,1.6
328,PCA2,2017,Phragmites,Phragmites_Carex,Carex,Competition,11-Jul-17,X50,-0.1
329,PCA2,2017,Phragmites,Phragmites_Carex,Carex,Competition,11-Jul-17,X0,-1.3
330,PCA3CU,2017,Phragmites,Phragmites_Carex,Carex,No competition,10-Jul-17,X1500,18.1
331,PCA3CU,2017,Phragmites,Phragmites_Carex,Carex,No competition,10-Jul-17,X1000,15.5
332,PCA3CU,2017,Phragmites,Phragmites_Carex,Carex,No competition,10-Jul-17,X500,12.2
333,PCA3CU,2017,Phragmites,Phragmites_Carex,Carex,No competition,10-Jul-17,X200,6.1
334,PCA3CU,2017,Phragmites,Phragmites_Carex,Carex,No competition,10-Jul-17,X100,2.1
335,PCA3CU,2017,Phragmites,Phragmites_Carex,Carex,No competition,10-Jul-17,X50,0.3
336,PCA3CU,2017,Phragmites,Phragmites_Carex,Carex,No competition,10-Jul-17,X0,-0.7
337,PCA4,2017,Phragmites,Phragmites_Carex,Carex,Competition,10-Jul-17,X1500,19.9
338,PCA4,2017,Phragmites,Phragmites_Carex,Carex,Competition,10-Jul-17,X1000,18.2
339,PCA4,2017,Phragmites,Phragmites_Carex,Carex,Competition,10-Jul-17,X500,14.1
340,PCA4,2017,Phragmites,Phragmites_Carex,Carex,Competition,10-Jul-17,X200,7
341,PCA4,2017,Phragmites,Phragmites_Carex,Carex,Competition,10-Jul-17,X100,2.9
342,PCA4,2017,Phragmites,Phragmites_Carex,Carex,Competition,10-Jul-17,X50,1.1
343,PCA4,2017,Phragmites,Phragmites_Carex,Carex,Competition,10-Jul-17,X0,-0.2
344,PCA4CU,2017,Phragmites,Phragmites_Carex,Carex,No competition,10-Jul-17,X1500,25.9
345,PCA4CU,2017,Phragmites,Phragmites_Carex,Carex,No competition,10-Jul-17,X1000,22.7
346,PCA4CU,2017,Phragmites,Phragmites_Carex,Carex,No competition,10-Jul-17,X500,15.7
347,PCA4CU,2017,Phragmites,Phragmites_Carex,Carex,No competition,10-Jul-17,X200,6.7
348,PCA4CU,2017,Phragmites,Phragmites_Carex,Carex,No competition,10-Jul-17,X100,3.1
349,PCA4CU,2017,Phragmites,Phragmites_Carex,Carex,No competition,10-Jul-17,X50,1
350,PCA4CU,2017,Phragmites,Phragmites_Carex,Carex,No competition,10-Jul-17,X0,-0.6
351,PCA5,2017,Phragmites,Phragmites_Carex,Carex,Competition,10-Jul-17,X1500,21
352,PCA5,2017,Phragmites,Phragmites_Carex,Carex,Competition,10-Jul-17,X1000,19
353,PCA5,2017,Phragmites,Phragmites_Carex,Carex,Competition,10-Jul-17,X500,14.4
354,PCA5,2017,Phragmites,Phragmites_Carex,Carex,Competition,10-Jul-17,X200,6.7
355,PCA5,2017,Phragmites,Phragmites_Carex,Carex,Competition,10-Jul-17,X100,2.6
356,PCA5,2017,Phragmites,Phragmites_Carex,Carex,Competition,10-Jul-17,X50,0.6
357,PCA5,2017,Phragmites,Phragmites_Carex,Carex,Competition,10-Jul-17,X0,-0.8
358,PCA5CU,2017,Phragmites,Phragmites_Carex,Carex,No competition,10-Jul-17,X1500,15.6
359,PCA5CU,2017,Phragmites,Phragmites_Carex,Carex,No competition,10-Jul-17,X1000,14.4
360,PCA5CU,2017,Phragmites,Phragmites_Carex,Carex,No competition,10-Jul-17,X500,11
361,PCA5CU,2017,Phragmites,Phragmites_Carex,Carex,No competition,10-Jul-17,X200,5.5
362,PCA5CU,2017,Phragmites,Phragmites_Carex,Carex,No competition,10-Jul-17,X100,1.7
363,PCA5CU,2017,Phragmites,Phragmites_Carex,Carex,No competition,10-Jul-17,X50,0
364,PCA5CU,2017,Phragmites,Phragmites_Carex,Carex,No competition,10-Jul-17,X0,-1.2
365,PCA6,2017,Phragmites,Phragmites_Carex,Carex,Competition,10-Jul-17,X1500,22.3
366,PCA6,2017,Phragmites,Phragmites_Carex,Carex,Competition,10-Jul-17,X1000,19.6
367,PCA6,2017,Phragmites,Phragmites_Carex,Carex,Competition,10-Jul-17,X500,15.3
368,PCA6,2017,Phragmites,Phragmites_Carex,Carex,Competition,10-Jul-17,X200,8.3
369,PCA6,2017,Phragmites,Phragmites_Carex,Carex,Competition,10-Jul-17,X100,4
370,PCA6,2017,Phragmites,Phragmites_Carex,Carex,Competition,10-Jul-17,X50,2.8
371,PCA6,2017,Phragmites,Phragmites_Carex,Carex,Competition,10-Jul-17,X0,1.7
372,PCA6CU,2017,Phragmites,Phragmites_Carex,Carex,No competition,10-Jul-17,X1500,23.1
373,PCA6CU,2017,Phragmites,Phragmites_Carex,Carex,No competition,10-Jul-17,X1000,24.3
374,PCA6CU,2017,Phragmites,Phragmites_Carex,Carex,No competition,10-Jul-17,X500,14.3
375,PCA6CU,2017,Phragmites,Phragmites_Carex,Carex,No competition,10-Jul-17,X200,6.1
376,PCA6CU,2017,Phragmites,Phragmites_Carex,Carex,No competition,10-Jul-17,X100,1.7
377,PCA6CU,2017,Phragmites,Phragmites_Carex,Carex,No competition,10-Jul-17,X50,0
378,PCA6CU,2017,Phragmites,Phragmites_Carex,Carex,No competition,10-Jul-17,X0,-1.6
379,PCC1,2017,Phragmites,Phragmites_Calamagrostis,Calamagrostis,Competition,04-Jul-17,X1500,26.3
380,PCC1,2017,Phragmites,Phragmites_Calamagrostis,Calamagrostis,Competition,04-Jul-17,X1000,23.4
381,PCC1,2017,Phragmites,Phragmites_Calamagrostis,Calamagrostis,Competition,04-Jul-17,X500,16.2
382,PCC1,2017,Phragmites,Phragmites_Calamagrostis,Calamagrostis,Competition,04-Jul-17,X200,7.5
383,PCC1,2017,Phragmites,Phragmites_Calamagrostis,Calamagrostis,Competition,04-Jul-17,X100,2.7
384,PCC1,2017,Phragmites,Phragmites_Calamagrostis,Calamagrostis,Competition,04-Jul-17,X50,1
385,PCC1,2017,Phragmites,Phragmites_Calamagrostis,Calamagrostis,Competition,04-Jul-17,X0,-1.5
386,PCC1CU,2017,Phragmites,Phragmites_Calamagrostis,Calamagrostis,No competition,04-Jul-17,X1500,16.3
387,PCC1CU,2017,Phragmites,Phragmites_Calamagrostis,Calamagrostis,No competition,04-Jul-17,X1000,15.7
388,PCC1CU,2017,Phragmites,Phragmites_Calamagrostis,Calamagrostis,No competition,04-Jul-17,X500,11.1
389,PCC1CU,2017,Phragmites,Phragmites_Calamagrostis,Calamagrostis,No competition,04-Jul-17,X200,4.8
390,PCC1CU,2017,Phragmites,Phragmites_Calamagrostis,Calamagrostis,No competition,04-Jul-17,X100,1.3
391,PCC1CU,2017,Phragmites,Phragmites_Calamagrostis,Calamagrostis,No competition,04-Jul-17,X50,-0.6
392,PCC1CU,2017,Phragmites,Phragmites_Calamagrostis,Calamagrostis,No competition,04-Jul-17,X0,-1.9
393,PCC2,2017,Phragmites,Phragmites_Calamagrostis,Calamagrostis,Competition,04-Jul-17,X1500,17.7
394,PCC2,2017,Phragmites,Phragmites_Calamagrostis,Calamagrostis,Competition,04-Jul-17,X1000,15.2
395,PCC2,2017,Phragmites,Phragmites_Calamagrostis,Calamagrostis,Competition,04-Jul-17,X500,11.7
396,PCC2,2017,Phragmites,Phragmites_Calamagrostis,Calamagrostis,Competition,04-Jul-17,X200,5.6
397,PCC2,2017,Phragmites,Phragmites_Calamagrostis,Calamagrostis,Competition,04-Jul-17,X100,1.9
398,PCC2,2017,Phragmites,Phragmites_Calamagrostis,Calamagrostis,Competition,04-Jul-17,X50,0.7
399,PCC2,2017,Phragmites,Phragmites_Calamagrostis,Calamagrostis,Competition,04-Jul-17,X0,-0.7
400,PCC2CU,2017,Phragmites,Phragmites_Calamagrostis,Calamagrostis,No competition,04-Jul-17,X1500,16
401,PCC2CU,2017,Phragmites,Phragmites_Calamagrostis,Calamagrostis,No competition,04-Jul-17,X1000,13.9
402,PCC2CU,2017,Phragmites,Phragmites_Calamagrostis,Calamagrostis,No competition,04-Jul-17,X500,10.2
403,PCC2CU,2017,Phragmites,Phragmites_Calamagrostis,Calamagrostis,No competition,04-Jul-17,X200,5.1
404,PCC2CU,2017,Phragmites,Phragmites_Calamagrostis,Calamagrostis,No competition,04-Jul-17,X100,2.2
405,PCC2CU,2017,Phragmites,Phragmites_Calamagrostis,Calamagrostis,No competition,04-Jul-17,X50,0.4
406,PCC2CU,2017,Phragmites,Phragmites_Calamagrostis,Calamagrostis,No competition,04-Jul-17,X0,-0.4
407,PCC3,2017,Phragmites,Phragmites_Calamagrostis,Calamagrostis,Competition,04-Jul-17,X1500,19.2
408,PCC3,2017,Phragmites,Phragmites_Calamagrostis,Calamagrostis,Competition,04-Jul-17,X1000,17.3
409,PCC3,2017,Phragmites,Phragmites_Calamagrostis,Calamagrostis,Competition,04-Jul-17,X500,12.7
410,PCC3,2017,Phragmites,Phragmites_Calamagrostis,Calamagrostis,Competition,04-Jul-17,X200,6.3
411,PCC3,2017,Phragmites,Phragmites_Calamagrostis,Calamagrostis,Competition,04-Jul-17,X100,2.3
412,PCC3,2017,Phragmites,Phragmites_Calamagrostis,Calamagrostis,Competition,04-Jul-17,X50,0.4
413,PCC3,2017,Phragmites,Phragmites_Calamagrostis,Calamagrostis,Competition,04-Jul-17,X0,-0.4
414,PCC3CU,2017,Phragmites,Phragmites_Calamagrostis,Calamagrostis,No competition,04-Jul-17,X1500,15.4
415,PCC3CU,2017,Phragmites,Phragmites_Calamagrostis,Calamagrostis,No competition,04-Jul-17,X1000,13.1
416,PCC3CU,2017,Phragmites,Phragmites_Calamagrostis,Calamagrostis,No competition,04-Jul-17,X500,10.9
417,PCC3CU,2017,Phragmites,Phragmites_Calamagrostis,Calamagrostis,No competition,04-Jul-17,X200,6.1
418,PCC3CU,2017,Phragmites,Phragmites_Calamagrostis,Calamagrostis,No competition,04-Jul-17,X100,2.9
419,PCC3CU,2017,Phragmites,Phragmites_Calamagrostis,Calamagrostis,No competition,04-Jul-17,X50,1.1
420,PCC3CU,2017,Phragmites,Phragmites_Calamagrostis,Calamagrostis,No competition,04-Jul-17,X0,-0.2
421,PCC4CU,2017,Phragmites,Phragmites_Calamagrostis,Calamagrostis,No competition,06-Jul-17,X1500,21.2
422,PCC4CU,2017,Phragmites,Phragmites_Calamagrostis,Calamagrostis,No competition,06-Jul-17,X1000,18
423,PCC4CU,2017,Phragmites,Phragmites_Calamagrostis,Calamagrostis,No competition,06-Jul-17,X500,12.9
424,PCC4CU,2017,Phragmites,Phragmites_Calamagrostis,Calamagrostis,No competition,06-Jul-17,X200,6.2
425,PCC4CU,2017,Phragmites,Phragmites_Calamagrostis,Calamagrostis,No competition,06-Jul-17,X100,1.5
426,PCC4CU,2017,Phragmites,Phragmites_Calamagrostis,Calamagrostis,No competition,06-Jul-17,X50,-0.1
427,PCC4CU,2017,Phragmites,Phragmites_Calamagrostis,Calamagrostis,No competition,06-Jul-17,X0,-0.4
428,PCC4CU,2017,Phragmites,Phragmites_Calamagrostis,Calamagrostis,No competition,09-Jul-17,X1500,16.9
429,PCC4CU,2017,Phragmites,Phragmites_Calamagrostis,Calamagrostis,No competition,09-Jul-17,X1000,13.9
430,PCC4CU,2017,Phragmites,Phragmites_Calamagrostis,Calamagrostis,No competition,09-Jul-17,X500,10.3
431,PCC4CU,2017,Phragmites,Phragmites_Calamagrostis,Calamagrostis,No competition,09-Jul-17,X200,3.7
432,PCC4CU,2017,Phragmites,Phragmites_Calamagrostis,Calamagrostis,No competition,09-Jul-17,X100,0
433,PCC4CU,2017,Phragmites,Phragmites_Calamagrostis,Calamagrostis,No competition,09-Jul-17,X50,-1.5
434,PCC4CU,2017,Phragmites,Phragmites_Calamagrostis,Calamagrostis,No competition,09-Jul-17,X0,-3
435,PCC5,2017,Phragmites,Phragmites_Calamagrostis,Calamagrostis,Competition,10-Jul-17,X1500,17.6
436,PCC5,2017,Phragmites,Phragmites_Calamagrostis,Calamagrostis,Competition,10-Jul-17,X1000,16.2
437,PCC5,2017,Phragmites,Phragmites_Calamagrostis,Calamagrostis,Competition,10-Jul-17,X500,13.1
438,PCC5,2017,Phragmites,Phragmites_Calamagrostis,Calamagrostis,Competition,10-Jul-17,X200,6.4
439,PCC5,2017,Phragmites,Phragmites_Calamagrostis,Calamagrostis,Competition,10-Jul-17,X100,2.9
440,PCC5,2017,Phragmites,Phragmites_Calamagrostis,Calamagrostis,Competition,10-Jul-17,X50,0.3
441,PCC5,2017,Phragmites,Phragmites_Calamagrostis,Calamagrostis,Competition,10-Jul-17,X0,-0.7
442,PCC5,2017,Phragmites,Phragmites_Calamagrostis,Calamagrostis,Competition,11-Jul-17,X1500,13.9
443,PCC5,2017,Phragmites,Phragmites_Calamagrostis,Calamagrostis,Competition,11-Jul-17,X1000,12.7
444,PCC5,2017,Phragmites,Phragmites_Calamagrostis,Calamagrostis,Competition,11-Jul-17,X500,9.8
445,PCC5,2017,Phragmites,Phragmites_Calamagrostis,Calamagrostis,Competition,11-Jul-17,X200,5.1
446,PCC5,2017,Phragmites,Phragmites_Calamagrostis,Calamagrostis,Competition,11-Jul-17,X100,0.6
447,PCC5,2017,Phragmites,Phragmites_Calamagrostis,Calamagrostis,Competition,11-Jul-17,X50,0.1
448,PCC5,2017,Phragmites,Phragmites_Calamagrostis,Calamagrostis,Competition,11-Jul-17,X0,-1
449,PCC5CU,2017,Phragmites,Phragmites_Calamagrostis,Calamagrostis,No competition,11-Jul-17,X1500,17.7
450,PCC5CU,2017,Phragmites,Phragmites_Calamagrostis,Calamagrostis,No competition,11-Jul-17,X1000,15.8
451,PCC5CU,2017,Phragmites,Phragmites_Calamagrostis,Calamagrostis,No competition,11-Jul-17,X500,12.1
452,PCC5CU,2017,Phragmites,Phragmites_Calamagrostis,Calamagrostis,No competition,11-Jul-17,X200,4.7
453,PCC5CU,2017,Phragmites,Phragmites_Calamagrostis,Calamagrostis,No competition,11-Jul-17,X100,1.5
454,PCC5CU,2017,Phragmites,Phragmites_Calamagrostis,Calamagrostis,No competition,11-Jul-17,X50,-0.3
455,PCC5CU,2017,Phragmites,Phragmites_Calamagrostis,Calamagrostis,No competition,11-Jul-17,X0,-1.9
456,PCC6,2017,Phragmites,Phragmites_Calamagrostis,Calamagrostis,Competition,10-Jul-17,X1500,24.7
457,PCC6,2017,Phragmites,Phragmites_Calamagrostis,Calamagrostis,Competition,10-Jul-17,X1000,21.7
458,PCC6,2017,Phragmites,Phragmites_Calamagrostis,Calamagrostis,Competition,10-Jul-17,X500,14.9
459,PCC6,2017,Phragmites,Phragmites_Calamagrostis,Calamagrostis,Competition,10-Jul-17,X200,5.8
460,PCC6,2017,Phragmites,Phragmites_Calamagrostis,Calamagrostis,Competition,10-Jul-17,X100,1.5
461,PCC6,2017,Phragmites,Phragmites_Calamagrostis,Calamagrostis,Competition,10-Jul-17,X50,-0.7
462,PCC6,2017,Phragmites,Phragmites_Calamagrostis,Calamagrostis,Competition,10-Jul-17,X0,-1.9
463,PCC6,2017,Phragmites,Phragmites_Calamagrostis,Calamagrostis,Competition,11-Jul-17,X1500,5.7
464,PCC6,2017,Phragmites,Phragmites_Calamagrostis,Calamagrostis,Competition,11-Jul-17,X1000,6.2
465,PCC6,2017,Phragmites,Phragmites_Calamagrostis,Calamagrostis,Competition,11-Jul-17,X500,6.2
466,PCC6,2017,Phragmites,Phragmites_Calamagrostis,Calamagrostis,Competition,11-Jul-17,X200,5.2
467,PCC6,2017,Phragmites,Phragmites_Calamagrostis,Calamagrostis,Competition,11-Jul-17,X100,3.3
468,PCC6,2017,Phragmites,Phragmites_Calamagrostis,Calamagrostis,Competition,11-Jul-17,X50,1.5
469,PCC6,2017,Phragmites,Phragmites_Calamagrostis,Calamagrostis,Competition,11-Jul-17,X0,-1
470,PCC6CU,2017,Phragmites,Phragmites_Calamagrostis,Calamagrostis,No competition,10-Jul-17,X1500,19.2
471,PCC6CU,2017,Phragmites,Phragmites_Calamagrostis,Calamagrostis,No competition,10-Jul-17,X1000,17.3
472,PCC6CU,2017,Phragmites,Phragmites_Calamagrostis,Calamagrostis,No competition,10-Jul-17,X500,13.2
473,PCC6CU,2017,Phragmites,Phragmites_Calamagrostis,Calamagrostis,No competition,10-Jul-17,X200,6.1
474,PCC6CU,2017,Phragmites,Phragmites_Calamagrostis,Calamagrostis,No competition,10-Jul-17,X100,2.5
475,PCC6CU,2017,Phragmites,Phragmites_Calamagrostis,Calamagrostis,No competition,10-Jul-17,X50,0.4
476,PCC6CU,2017,Phragmites,Phragmites_Calamagrostis,Calamagrostis,No competition,10-Jul-17,X0,-0.9
477,PCC6CU,2017,Phragmites,Phragmites_Calamagrostis,Calamagrostis,No competition,11-Jul-17,X1500,15.7
478,PCC6CU,2017,Phragmites,Phragmites_Calamagrostis,Calamagrostis,No competition,11-Jul-17,X1000,14.1
479,PCC6CU,2017,Phragmites,Phragmites_Calamagrostis,Calamagrostis,No competition,11-Jul-17,X500,10.8
480,PCC6CU,2017,Phragmites,Phragmites_Calamagrostis,Calamagrostis,No competition,11-Jul-17,X200,5.4
481,PCC6CU,2017,Phragmites,Phragmites_Calamagrostis,Calamagrostis,No competition,11-Jul-17,X100,2.1
482,PCC6CU,2017,Phragmites,Phragmites_Calamagrostis,Calamagrostis,No competition,11-Jul-17,X50,0.7
483,PCC6CU,2017,Phragmites,Phragmites_Calamagrostis,Calamagrostis,No competition,11-Jul-17,X0,-0.2
484,PTY1,2017,Phragmites,Phragmites_Typha,Typha,Competition,14-Jul-17,X1500,12.2
485,PTY1,2017,Phragmites,Phragmites_Typha,Typha,Competition,14-Jul-17,X1000,12.1
486,PTY1,2017,Phragmites,Phragmites_Typha,Typha,Competition,14-Jul-17,X500,10.9
487,PTY1,2017,Phragmites,Phragmites_Typha,Typha,Competition,14-Jul-17,X200,7.1
488,PTY1,2017,Phragmites,Phragmites_Typha,Typha,Competition,14-Jul-17,X100,3.9
489,PTY1,2017,Phragmites,Phragmites_Typha,Typha,Competition,14-Jul-17,X50,2.7
490,PTY1,2017,Phragmites,Phragmites_Typha,Typha,Competition,14-Jul-17,X0,0.6
491,PTY1CU,2017,Phragmites,Phragmites_Typha,Typha,No competition,14-Jul-17,X1500,16.1
492,PTY1CU,2017,Phragmites,Phragmites_Typha,Typha,No competition,14-Jul-17,X1000,15
493,PTY1CU,2017,Phragmites,Phragmites_Typha,Typha,No competition,14-Jul-17,X500,11.9
494,PTY1CU,2017,Phragmites,Phragmites_Typha,Typha,No competition,14-Jul-17,X200,5.9
495,PTY1CU,2017,Phragmites,Phragmites_Typha,Typha,No competition,14-Jul-17,X100,2.2
496,PTY1CU,2017,Phragmites,Phragmites_Typha,Typha,No competition,14-Jul-17,X50,0.4
497,PTY1CU,2017,Phragmites,Phragmites_Typha,Typha,No competition,14-Jul-17,X0,-0.8
498,PTY2,2017,Phragmites,Phragmites_Typha,Typha,Competition,14-Jul-17,X1500,24
499,PTY2,2017,Phragmites,Phragmites_Typha,Typha,Competition,14-Jul-17,X1000,21.4
500,PTY2,2017,Phragmites,Phragmites_Typha,Typha,Competition,14-Jul-17,X500,16.7
501,PTY2,2017,Phragmites,Phragmites_Typha,Typha,Competition,14-Jul-17,X200,9.1
502,PTY2,2017,Phragmites,Phragmites_Typha,Typha,Competition,14-Jul-17,X100,3.8
503,PTY2,2017,Phragmites,Phragmites_Typha,Typha,Competition,14-Jul-17,X50,1.7
504,PTY2,2017,Phragmites,Phragmites_Typha,Typha,Competition,14-Jul-17,X0,0.9
505,PTY2CU,2017,Phragmites,Phragmites_Typha,Typha,No competition,14-Jul-17,X1500,23.1
506,PTY2CU,2017,Phragmites,Phragmites_Typha,Typha,No competition,14-Jul-17,X1000,19.8
507,PTY2CU,2017,Phragmites,Phragmites_Typha,Typha,No competition,14-Jul-17,X500,14.2
508,PTY2CU,2017,Phragmites,Phragmites_Typha,Typha,No competition,14-Jul-17,X200,5.8
509,PTY2CU,2017,Phragmites,Phragmites_Typha,Typha,No competition,14-Jul-17,X100,2.2
510,PTY2CU,2017,Phragmites,Phragmites_Typha,Typha,No competition,14-Jul-17,X50,0.4
511,PTY2CU,2017,Phragmites,Phragmites_Typha,Typha,No competition,14-Jul-17,X0,-1
512,PTY3,2017,Phragmites,Phragmites_Typha,Typha,Competition,14-Jul-17,X1500,21.9
513,PTY3,2017,Phragmites,Phragmites_Typha,Typha,Competition,14-Jul-17,X1000,19.9
514,PTY3,2017,Phragmites,Phragmites_Typha,Typha,Competition,14-Jul-17,X500,14.4
515,PTY3,2017,Phragmites,Phragmites_Typha,Typha,Competition,14-Jul-17,X200,8.2
516,PTY3,2017,Phragmites,Phragmites_Typha,Typha,Competition,14-Jul-17,X100,3.5
517,PTY3,2017,Phragmites,Phragmites_Typha,Typha,Competition,14-Jul-17,X50,1.4
518,PTY3,2017,Phragmites,Phragmites_Typha,Typha,Competition,14-Jul-17,X0,0
519,PTY4,2017,Phragmites,Phragmites_Typha,Typha,Competition,14-Jul-17,X1500,22
520,PTY4,2017,Phragmites,Phragmites_Typha,Typha,Competition,14-Jul-17,X1000,19.5
521,PTY4,2017,Phragmites,Phragmites_Typha,Typha,Competition,14-Jul-17,X500,13.7
522,PTY4,2017,Phragmites,Phragmites_Typha,Typha,Competition,14-Jul-17,X200,6.5
523,PTY4,2017,Phragmites,Phragmites_Typha,Typha,Competition,14-Jul-17,X100,2.3
524,PTY4,2017,Phragmites,Phragmites_Typha,Typha,Competition,14-Jul-17,X50,0.2
525,PTY4,2017,Phragmites,Phragmites_Typha,Typha,Competition,14-Jul-17,X0,-1.1
526,PTY4CU,2017,Phragmites,Phragmites_Typha,Typha,No competition,14-Jul-17,X1500,28.7
527,PTY4CU,2017,Phragmites,Phragmites_Typha,Typha,No competition,14-Jul-17,X1000,25.8
528,PTY4CU,2017,Phragmites,Phragmites_Typha,Typha,No competition,14-Jul-17,X500,21.6
529,PTY4CU,2017,Phragmites,Phragmites_Typha,Typha,No competition,14-Jul-17,X200,9
530,PTY4CU,2017,Phragmites,Phragmites_Typha,Typha,No competition,14-Jul-17,X100,6.2
531,PTY4CU,2017,Phragmites,Phragmites_Typha,Typha,No competition,14-Jul-17,X50,2.1
532,PTY4CU,2017,Phragmites,Phragmites_Typha,Typha,No competition,14-Jul-17,X0,0.8
533,PTY5,2017,Phragmites,Phragmites_Typha,Typha,Competition,14-Jul-17,X1500,21.9
534,PTY5,2017,Phragmites,Phragmites_Typha,Typha,Competition,14-Jul-17,X1000,18.6
535,PTY5,2017,Phragmites,Phragmites_Typha,Typha,Competition,14-Jul-17,X500,13.4
536,PTY5,2017,Phragmites,Phragmites_Typha,Typha,Competition,14-Jul-17,X200,6.8
537,PTY5,2017,Phragmites,Phragmites_Typha,Typha,Competition,14-Jul-17,X100,3.1
538,PTY5,2017,Phragmites,Phragmites_Typha,Typha,Competition,14-Jul-17,X50,1
539,PTY5,2017,Phragmites,Phragmites_Typha,Typha,Competition,14-Jul-17,X0,-0.2
540,PTY6,2017,Phragmites,Phragmites_Typha,Typha,Competition,14-Jul-17,X1500,23.1
541,PTY6,2017,Phragmites,Phragmites_Typha,Typha,Competition,14-Jul-17,X1000,20.4
542,PTY6,2017,Phragmites,Phragmites_Typha,Typha,Competition,14-Jul-17,X500,14.6
543,PTY6,2017,Phragmites,Phragmites_Typha,Typha,Competition,14-Jul-17,X200,6.1
544,PTY6,2017,Phragmites,Phragmites_Typha,Typha,Competition,14-Jul-17,X100,2
545,PTY6,2017,Phragmites,Phragmites_Typha,Typha,Competition,14-Jul-17,X50,0
546,PTY6,2017,Phragmites,Phragmites_Typha,Typha,Competition,14-Jul-17,X0,-1.3
547,PTY6CU,2017,Phragmites,Phragmites_Typha,Typha,No competition,14-Jul-17,X1500,26
548,PTY6CU,2017,Phragmites,Phragmites_Typha,Typha,No competition,14-Jul-17,X1000,23.1
549,PTY6CU,2017,Phragmites,Phragmites_Typha,Typha,No competition,14-Jul-17,X500,16.6
550,PTY6CU,2017,Phragmites,Phragmites_Typha,Typha,No competition,14-Jul-17,X200,7.8
551,PTY6CU,2017,Phragmites,Phragmites_Typha,Typha,No competition,14-Jul-17,X100,3.1
552,PTY6CU,2017,Phragmites,Phragmites_Typha,Typha,No competition,14-Jul-17,X50,0.7
553,PTY6CU,2017,Phragmites,Phragmites_Typha,Typha,No competition,14-Jul-17,X0,-1.1
554,TYP1,2017,Typha,Typha_Phragmites,Phragmites,Competition,12-Jul-17,X1500,7.8
555,TYP1,2017,Typha,Typha_Phragmites,Phragmites,Competition,12-Jul-17,X1000,8.4
556,TYP1,2017,Typha,Typha_Phragmites,Phragmites,Competition,12-Jul-17,X500,6.3
557,TYP1,2017,Typha,Typha_Phragmites,Phragmites,Competition,12-Jul-17,X200,4
558,TYP1,2017,Typha,Typha_Phragmites,Phragmites,Competition,12-Jul-17,X100,1.1
559,TYP1,2017,Typha,Typha_Phragmites,Phragmites,Competition,12-Jul-17,X50,-0.5
560,TYP1,2017,Typha,Typha_Phragmites,Phragmites,Competition,12-Jul-17,X0,-2.4
561,TYP1CU,2017,Typha,Typha_Phragmites,Phragmites,No competition,12-Jul-17,X1500,6.7
562,TYP1CU,2017,Typha,Typha_Phragmites,Phragmites,No competition,12-Jul-17,X1000,5.7
563,TYP1CU,2017,Typha,Typha_Phragmites,Phragmites,No competition,12-Jul-17,X500,3.9
564,TYP1CU,2017,Typha,Typha_Phragmites,Phragmites,No competition,12-Jul-17,X200,1.9
565,TYP1CU,2017,Typha,Typha_Phragmites,Phragmites,No competition,12-Jul-17,X100,0.3
566,TYP1CU,2017,Typha,Typha_Phragmites,Phragmites,No competition,12-Jul-17,X50,-1.1
567,TYP1CU,2017,Typha,Typha_Phragmites,Phragmites,No competition,12-Jul-17,X0,-2.7
568,TYP2,2017,Typha,Typha_Phragmites,Phragmites,Competition,12-Jul-17,X1500,13.3
569,TYP2,2017,Typha,Typha_Phragmites,Phragmites,Competition,12-Jul-17,X1000,14.7
570,TYP2,2017,Typha,Typha_Phragmites,Phragmites,Competition,12-Jul-17,X500,12.1
571,TYP2,2017,Typha,Typha_Phragmites,Phragmites,Competition,12-Jul-17,X200,5.7
572,TYP2,2017,Typha,Typha_Phragmites,Phragmites,Competition,12-Jul-17,X100,1.8
573,TYP2,2017,Typha,Typha_Phragmites,Phragmites,Competition,12-Jul-17,X50,-0.1
574,TYP2,2017,Typha,Typha_Phragmites,Phragmites,Competition,12-Jul-17,X0,-1.6
575,TYP2CU,2017,Typha,Typha_Phragmites,Phragmites,No competition,12-Jul-17,X1500,18.9
576,TYP2CU,2017,Typha,Typha_Phragmites,Phragmites,No competition,12-Jul-17,X1000,19
577,TYP2CU,2017,Typha,Typha_Phragmites,Phragmites,No competition,12-Jul-17,X500,14.6
578,TYP2CU,2017,Typha,Typha_Phragmites,Phragmites,No competition,12-Jul-17,X200,4.6
579,TYP2CU,2017,Typha,Typha_Phragmites,Phragmites,No competition,12-Jul-17,X100,1.8
580,TYP2CU,2017,Typha,Typha_Phragmites,Phragmites,No competition,12-Jul-17,X50,-0.7
581,TYP2CU,2017,Typha,Typha_Phragmites,Phragmites,No competition,12-Jul-17,X0,-1.9
582,TYP3,2017,Typha,Typha_Phragmites,Phragmites,Competition,12-Jul-17,X1500,17.7
583,TYP3,2017,Typha,Typha_Phragmites,Phragmites,Competition,12-Jul-17,X1000,16.2
584,TYP3,2017,Typha,Typha_Phragmites,Phragmites,Competition,12-Jul-17,X500,13.1
585,TYP3,2017,Typha,Typha_Phragmites,Phragmites,Competition,12-Jul-17,X200,6
586,TYP3,2017,Typha,Typha_Phragmites,Phragmites,Competition,12-Jul-17,X100,2.1
587,TYP3,2017,Typha,Typha_Phragmites,Phragmites,Competition,12-Jul-17,X50,-0.3
588,TYP3,2017,Typha,Typha_Phragmites,Phragmites,Competition,12-Jul-17,X0,-1.5
589,TYP3CU,2017,Typha,Typha_Phragmites,Phragmites,No competition,12-Jul-17,X1500,20.7
590,TYP3CU,2017,Typha,Typha_Phragmites,Phragmites,No competition,12-Jul-17,X1000,20.7
591,TYP3CU,2017,Typha,Typha_Phragmites,Phragmites,No competition,12-Jul-17,X500,14.9
592,TYP3CU,2017,Typha,Typha_Phragmites,Phragmites,No competition,12-Jul-17,X200,6.7
593,TYP3CU,2017,Typha,Typha_Phragmites,Phragmites,No competition,12-Jul-17,X100,2.4
594,TYP3CU,2017,Typha,Typha_Phragmites,Phragmites,No competition,12-Jul-17,X50,0.6
595,TYP3CU,2017,Typha,Typha_Phragmites,Phragmites,No competition,12-Jul-17,X0,-0.4
596,TYP4,2017,Typha,Typha_Phragmites,Phragmites,Competition,12-Jul-17,X1500,21.3
597,TYP4,2017,Typha,Typha_Phragmites,Phragmites,Competition,12-Jul-17,X1000,20.5
598,TYP4,2017,Typha,Typha_Phragmites,Phragmites,Competition,12-Jul-17,X500,15.6
599,TYP4,2017,Typha,Typha_Phragmites,Phragmites,Competition,12-Jul-17,X200,6.7
600,TYP4,2017,Typha,Typha_Phragmites,Phragmites,Competition,12-Jul-17,X100,2.4
601,TYP4,2017,Typha,Typha_Phragmites,Phragmites,Competition,12-Jul-17,X50,0
602,TYP4,2017,Typha,Typha_Phragmites,Phragmites,Competition,12-Jul-17,X0,-1.4
603,TYP4CU,2017,Typha,Typha_Phragmites,Phragmites,No competition,12-Jul-17,X1500,23.8
604,TYP4CU,2017,Typha,Typha_Phragmites,Phragmites,No competition,12-Jul-17,X1000,22
605,TYP4CU,2017,Typha,Typha_Phragmites,Phragmites,No competition,12-Jul-17,X500,16.4
606,TYP4CU,2017,Typha,Typha_Phragmites,Phragmites,No competition,12-Jul-17,X200,6.3
607,TYP4CU,2017,Typha,Typha_Phragmites,Phragmites,No competition,12-Jul-17,X100,1.5
608,TYP4CU,2017,Typha,Typha_Phragmites,Phragmites,No competition,12-Jul-17,X50,-0.1
609,TYP4CU,2017,Typha,Typha_Phragmites,Phragmites,No competition,12-Jul-17,X0,-1.2
610,TYP5,2017,Typha,Typha_Phragmites,Phragmites,Competition,14-Jul-17,X1500,22.6
611,TYP5,2017,Typha,Typha_Phragmites,Phragmites,Competition,14-Jul-17,X1000,21.5
612,TYP5,2017,Typha,Typha_Phragmites,Phragmites,Competition,14-Jul-17,X500,16.4
613,TYP5,2017,Typha,Typha_Phragmites,Phragmites,Competition,14-Jul-17,X200,7
614,TYP5,2017,Typha,Typha_Phragmites,Phragmites,Competition,14-Jul-17,X100,2.6
615,TYP5,2017,Typha,Typha_Phragmites,Phragmites,Competition,14-Jul-17,X50,0.2
616,TYP5,2017,Typha,Typha_Phragmites,Phragmites,Competition,14-Jul-17,X0,-1.2
617,TYP5CU,2017,Typha,Typha_Phragmites,Phragmites,No competition,14-Jul-17,X1500,21.3
618,TYP5CU,2017,Typha,Typha_Phragmites,Phragmites,No competition,14-Jul-17,X1000,18.4
619,TYP5CU,2017,Typha,Typha_Phragmites,Phragmites,No competition,14-Jul-17,X500,13.4
620,TYP5CU,2017,Typha,Typha_Phragmites,Phragmites,No competition,14-Jul-17,X200,6.5
621,TYP5CU,2017,Typha,Typha_Phragmites,Phragmites,No competition,14-Jul-17,X100,2.4
622,TYP5CU,2017,Typha,Typha_Phragmites,Phragmites,No competition,14-Jul-17,X50,0.1
623,TYP5CU,2017,Typha,Typha_Phragmites,Phragmites,No competition,14-Jul-17,X0,-1.4
624,TYP6,2017,Typha,Typha_Phragmites,Phragmites,Competition,14-Jul-17,X1500,22.3
625,TYP6,2017,Typha,Typha_Phragmites,Phragmites,Competition,14-Jul-17,X1000,22.8
626,TYP6,2017,Typha,Typha_Phragmites,Phragmites,Competition,14-Jul-17,X500,17.2
627,TYP6,2017,Typha,Typha_Phragmites,Phragmites,Competition,14-Jul-17,X200,7.8
628,TYP6,2017,Typha,Typha_Phragmites,Phragmites,Competition,14-Jul-17,X100,3.5
629,TYP6,2017,Typha,Typha_Phragmites,Phragmites,Competition,14-Jul-17,X50,2.1
630,TYP6,2017,Typha,Typha_Phragmites,Phragmites,Competition,14-Jul-17,X0,0.8
631,TYP6CU,2017,Typha,Typha_Phragmites,Phragmites,No competition,14-Jul-17,X1500,24
632,TYP6CU,2017,Typha,Typha_Phragmites,Phragmites,No competition,14-Jul-17,X1000,22.2
633,TYP6CU,2017,Typha,Typha_Phragmites,Phragmites,No competition,14-Jul-17,X500,17
634,TYP6CU,2017,Typha,Typha_Phragmites,Phragmites,No competition,14-Jul-17,X200,7.1
635,TYP6CU,2017,Typha,Typha_Phragmites,Phragmites,No competition,14-Jul-17,X100,2.7
636,TYP6CU,2017,Typha,Typha_Phragmites,Phragmites,No competition,14-Jul-17,X50,0.2
637,TYP6CU,2017,Typha,Typha_Phragmites,Phragmites,No competition,14-Jul-17,X0,-1.4
